;0
0;104.44451076735373
1;115.21829596174747
2;123.22375594101536
3;148.55325140016245
4;133.9279776750837
5;124.52472641801079
6;53.202192355511485
7;123.7685958669818
8;127.11761953063221
9;116.41517431309438
10;141.631429097878
11;134.73861101015444
12;148.4808974500902
13;56.88240359792336
14;150.68402610741094
15;106.21774960503947
16;137.869667573483
17;35.01361755297914
18;141.1212105324291
19;125.5879927172145
20;112.7581244410832
21;62.603295948400174
22;119.51897116064461
23;136.53868130512163
24;57.04055940558523
25;136.0828029859419
26;78.99949797423163
27;131.86633273542907
28;143.5940336727869
29;97.10778122998693
30;48.97790125842347
31;124.9722898817456
32;103.74804471368583
33;149.39405656385821
34;98.57777849239456
35;133.5129747384433
36;107.68087780248422
37;114.40819958432954
38;116.49299016211798
39;70.57821349352963
40;46.76336931785074
41;148.66448417204145
42;108.55391213287788
43;52.49644760542701
44;118.06831683674724
45;152.71331475012403
46;102.50617354475
47;60.23975834251213
48;46.88351662165715
49;147.67170567704358
50;146.83600715873456
51;121.53548152946502
52;134.38490263935321
53;122.93094816392914
54;69.15714009468397
55;147.19617803601056
56;105.03120391828654
57;107.86766428893245
58;108.0156436539336
59;106.51725236439303
60;38.6608479708016
61;104.89804671129315
62;50.62625177848089
63;113.78644715271324
64;144.09052901626268
65;150.60136634618817
66;100.2080512095322
67;128.4861099062927
68;113.79108203258774
69;147.13934917349474
70;83.19607253359786
71;141.1708810714531
72;136.2696918935314
73;151.46392264742616
74;109.74075688720293
75;150.52923976496126
76;101.29002043764248
77;33.86223741554096
78;52.51147498164654
79;48.44086268143998
80;57.18859632479132
81;110.44293734277744
82;82.95309346123081
83;135.33517105353513
84;148.67256670456302
85;154.6925160038312
86;137.98189388037704
87;120.28727272937914
88;43.671290340810685
89;133.82540334996082
90;131.00925877810369
91;106.08396685760792
92;116.38939584472013
93;151.0227182820493
94;146.4761843432493
95;114.22282322486387
96;141.526406471312
97;102.72923282648632
98;109.37280103103797
99;55.403924036437445
100;117.68224123984635
101;70.02857693802113
102;112.82935540940454
103;133.33526216588336
104;132.02128841985726
105;64.60525690570336
106;106.02199960161322
107;40.546990117837574
108;112.4189623886941
109;118.6261019423643
110;137.86409252458583
111;109.17893287988885
112;125.75683943231964
113;130.70793349912265
114;45.28292799246622
115;148.9239418737725
116;131.9242033903344
117;31.581853236283088
118;130.56329765597619
119;112.14923799506197
120;54.04662351259415
121;136.6142507784288
122;112.0823767683276
123;152.6462605567088
124;135.89995233933405
125;97.11996305383255
126;129.38125850215943
127;50.70670503076184
128;110.06005940534143
129;71.8171544566923
130;81.12677839525008
131;143.82062609260944
132;146.69799128075766
133;151.41519129371383
134;132.62312482701384
135;135.10974477159778
136;121.50845582357985
137;60.22911312757942
138;103.04836509914915
139;134.44070701656705
140;97.03244417151096
141;114.90664566726113
142;142.335406867713
143;105.38947416083762
144;54.316374988406636
145;151.55690025539167
146;94.04231973684061
147;112.75044292039709
148;134.9748588756077
149;125.12752084430872
150;127.5445654316946
151;112.9344651304452
152;101.97300075299987
153;130.28958173725326
154;41.70445419014132
155;135.62629522925093
156;148.34857577423617
157;122.64335351306875
158;50.04156024234126
159;104.7629442344434
160;72.97890781151824
161;98.98096376226646
162;33.49711954104305
163;107.45590205973862
164;130.6447175980109
165;110.15749764078518
166;38.382907961022184
167;135.47427407453702
168;75.70256837379158
169;112.844075678156
170;155.09406421111396
171;130.60841961279505
172;48.63303499442547
173;107.77416068464561
174;156.90006649039404
175;140.3391377005887
176;113.43680843364554
177;43.510740897607526
178;111.24526689585112
179;145.43195044246835
180;60.129640785437125
181;133.02117135249955
182;123.3630323597184
183;124.78341201299494
184;50.00529542609335
185;97.16493658063487
186;119.09165113750312
187;96.99015630288055
188;57.94984877652024
189;106.42493991052322
190;43.44137013210795
191;150.65177629133495
192;96.13870372850562
193;64.30805682921962
194;124.91545720628977
195;133.58189077076696
196;127.79143277151908
197;112.60852855587291
198;131.121868150941
199;118.99666524129438
200;127.41346338862957
201;107.8495516792666
202;102.87180144937572
203;60.482803249148304
204;130.5424358964062
205;121.1204347370745
206;29.901170965178125
207;58.21969349705459
208;129.18858481946333
209;98.92088206940495
210;135.15755629537523
211;105.14605685529257
212;115.22768877901684
213;75.1817571650189
214;144.93725058256408
215;147.90271686684952
216;124.9353945664814
217;135.7987306567938
218;110.49075657295867
219;62.87138972483888
220;142.20270753241738
221;98.84877989895887
222;137.28993072798238
223;95.73901487883651
224;56.62525735640796
225;118.3404057025351
226;72.68686135604275
227;105.18053557719622
228;124.7725773322804
229;102.18701801369755
230;65.98821826967962
231;131.33245572451736
232;135.92776218168848
233;123.990760313211
234;110.15821570062437
235;33.34629012778952
236;40.37841670693926
237;147.35307986597596
238;36.38245794372962
239;118.4102333186298
240;112.91092411257092
241;163.8500971086346
242;137.52916910285703
243;103.5230502593969
244;109.31671917565232
245;118.27586755762164
246;46.13829179261484
247;154.99194186147463
248;56.06543375042543
249;108.38793321631255
250;90.95477206718797
251;129.69318578651507
252;117.77863205832152
253;146.24910606573067
254;107.45301262889336
255;104.72840817939357
256;63.22245102165833
257;125.72221973553363
258;125.02183303197904
259;117.19317283856034
260;134.07918862441937
261;104.27989796461094
262;78.070800405144
263;142.07994900256514
264;138.6787637323032
265;131.01631348578482
266;80.67849590623905
267;27.653232645073956
268;80.62047604769712
269;121.44273874153743
270;108.6185960386581
271;62.00003818787051
272;54.76814001337647
273;112.17664121333021
274;56.10870801046707
275;129.0627833200779
276;122.01974719051167
277;107.8296528660297
278;76.28708278710697
279;135.10342254320727
280;148.62481956433606
281;55.988827977796575
282;119.47569694633272
283;74.63254833724648
284;49.634657538435654
285;136.29849167904143
286;62.53345987687793
287;98.72228148063506
288;31.51240949786787
289;43.293864130997804
290;52.14682736963289
291;108.57521753377611
292;60.15125394893522
293;137.22516926121875
294;127.22341410003855
295;61.818303881542974
296;17.238466379622178
297;111.68533547831342
298;106.81272973131925
299;111.57365821181688
300;59.358575391786516
301;50.096771466854506
302;142.514898706046
303;111.8849854419264
304;42.617435873967835
305;128.9216978097848
306;27.313054230447634
307;130.96581732800047
308;127.5329114595862
309;38.87040294707549
310;122.23799087007157
311;59.20934158634195
312;116.3082736439122
313;132.0605355173725
314;57.67319111443342
315;101.77633000688488
316;147.4342366143297
317;157.3330269261395
318;38.204274754714724
319;128.111304049659
320;40.364986919287034
321;140.84761161190653
322;42.96543618596199
323;142.74478676802903
324;91.94377553664184
325;115.27003666761404
326;76.3612313844325
327;51.87911237453598
328;145.65487992911966
329;61.40036847798058
330;104.76950716542969
331;102.14679969645252
332;56.44893711608371
333;143.67150692133959
334;123.33810994596956
335;106.55008271686576
336;60.3883789200942
337;96.44346419712771
338;130.61174637254925
339;102.05341094582819
340;113.84382776822716
341;120.65044693246966
342;91.63404810469748
343;108.5572148339297
344;148.0129175429513
345;121.12300979911129
346;102.68457754610822
347;53.219983984872556
348;106.67162948344267
349;121.42891266324702
350;98.71576135927185
351;126.65603396989124
352;126.0949294745001
353;113.04693836763909
354;144.61885517158564
355;77.38067102872162
356;129.32123019597006
357;135.31077994971034
358;110.87343131342568
359;57.4747028709599
360;98.86399999610691
361;112.25412717511249
362;144.17309506085113
363;119.32848052790867
364;111.53789932612501
365;100.57033518868211
366;140.29697590113147
367;109.1086875073886
368;112.68588740474208
369;98.31594317100357
370;119.8072997256211
371;103.71759968505393
372;54.79463697277206
373;44.979595033888444
374;112.13597505550314
375;139.4883458597842
376;151.47825045493266
377;54.19336319175666
378;143.84299051282082
379;135.78750662752674
380;134.62803715867278
381;108.23026577648125
382;109.38786225931548
383;94.81051695606378
384;125.84691685709407
385;120.34129433216984
386;64.04239382083442
387;20.862793055562467
388;143.32053073128378
389;113.14699628210346
390;46.892804764138305
391;103.90835817189759
392;105.454050310479
393;145.5906513991236
394;143.288606959299
395;66.50423384940183
396;132.6420240985371
397;138.8768494456637
398;40.79188588653839
399;106.24077108379208
400;134.46973588268435
401;107.01699600019111
402;143.39607873393413
403;153.67663624942983
404;41.39199058159261
405;104.05680786179917
406;94.09913652797357
407;141.66944044484126
408;54.41451083591767
409;124.5941349902422
410;139.06628544931857
411;107.03068472586085
412;55.94296068386337
413;90.2703501447577
414;41.15804453636851
415;120.69288810898303
416;128.98356073093453
417;145.6904993931945
418;107.02245785337476
419;34.07772605825081
420;143.374185517568
421;105.22666835932924
422;119.68959752866148
423;36.9683110228036
424;109.96154687388567
425;91.48571278478467
426;95.25234974874766
427;102.308847153516
428;45.759111235231934
429;60.750431338121
430;143.09825293931294
431;97.51770412424511
432;134.17550029369693
433;83.25635240014135
434;114.1950222046139
435;128.9571131362021
436;96.35512491171173
437;48.694307231764164
438;138.35691823950157
439;143.30511898957803
440;140.89553107580696
441;101.0483918658081
442;56.550601539693105
443;141.86809139287314
444;147.4685376712739
445;32.76199375582706
446;136.21750072969195
447;56.37305505077566
448;50.92241782517145
449;147.99112012477912
450;86.607732782959
451;114.57220811414018
452;104.21603176067438
453;137.58387215030834
454;130.8159159426478
455;103.01897945076327
456;116.53582083148896
457;130.15852828465438
458;139.5578086752428
459;70.26610460855136
460;107.31973080763805
461;54.68615886732997
462;143.4242238657331
463;109.16767592308574
464;109.96009625705295
465;146.74004602237804
466;108.74717783221233
467;42.25174327954147
468;82.43222564894066
469;111.92376157468232
470;103.26852935205767
471;139.43503268640256
472;136.69119963251234
473;104.72001124879577
474;96.2329404727488
475;143.77023529022551
476;139.12920214646334
477;37.744233225211055
478;105.66057581251727
479;53.370037355024095
480;96.50451048869596
481;107.30994227290839
482;138.33046675564313
483;104.08519811978235
484;113.99876349567245
485;79.44299485051339
486;48.894923950901806
487;137.6314064822862
488;50.33280926352795
489;139.27268291595607
490;125.98541085745691
491;51.838954512781015
492;101.94460731517312
493;46.85117299256035
494;-3.4297827338952107
495;55.43961371230701
496;109.05150609543813
497;148.7461041726237
498;80.11154087757184
499;59.024064400894474
500;144.51672265779567
501;127.06089182329902
502;99.13214316031438
503;57.870874579028836
504;126.20159493262452
505;90.68611680531086
506;53.57758981781214
507;61.757733320198376
508;136.69106361595823
509;38.530852841708835
510;107.16750442866356
511;139.391779684715
512;111.37859374659229
513;114.46974314441961
514;145.8931413374686
515;95.59413928205134
516;36.285709180952644
517;37.907224383970814
518;20.814355318551492
519;56.466028830918034
520;104.09357555420756
521;120.62802313412033
522;108.54962065407466
523;101.12180863094794
524;99.39461241414938
525;151.32106608495053
526;131.97106456327967
527;117.51644907179727
528;112.45971825388173
529;117.82315562412124
530;146.09947018383951
531;105.68476773832427
532;84.57580774700028
533;148.98332516753345
534;147.91821656782463
535;138.81037826781449
536;118.10207943051141
537;51.51664885736801
538;149.70094376412658
539;133.1703389713196
540;56.88632306876196
541;45.895075371813206
542;104.634201025053
543;142.69267013659538
544;65.26299673748181
545;103.44329608823462
546;108.36585071316517
547;135.48792486371144
548;76.4727962005705
549;115.62312725630434
550;40.24397118381048
551;45.107142490216276
552;120.73576699867274
553;141.42756352873786
554;141.22333623483576
555;78.40352030403889
556;76.88195012765124
557;100.33298018540034
558;146.96075079693193
559;124.15626445541561
560;57.79913711319986
561;136.73177079943918
562;141.01644754106292
563;110.00836612577072
564;46.784372202891014
565;152.86757615790373
566;96.32207671693337
567;60.847936750473494
568;93.61952857008117
569;152.94794054005683
570;125.2837041836382
571;103.7213513314945
572;116.85300805095244
573;108.43931976738874
574;107.5854241782971
575;134.16517189614567
576;110.14950850697608
577;144.737963622661
578;108.51737723516491
579;105.69557068596299
580;101.08941858546923
581;52.43031640386249
582;140.55812433027796
583;57.9895673974691
584;96.59616715911378
585;152.87915443750512
586;127.33079747588205
587;98.03027554204289
588;59.15490440731577
589;90.07648464652436
590;106.70714419879366
591;102.99250120650154
592;103.53481311889932
593;102.93020335700679
594;103.01137259627842
595;111.93925461599711
596;136.9250339673078
597;93.66824517426625
598;42.354574386277875
599;140.7478534423182
600;112.99906718081752
601;138.03128305724312
602;54.24444959763699
603;142.18954260286318
604;116.3156351139107
605;105.1746918910295
606;110.26423247669814
607;120.89098311575538
608;95.25583357870623
609;49.91886989381884
610;59.80690701924736
611;94.52853186847403
612;125.2463436918449
613;153.21601931119574
614;60.38046123162884
615;98.56492870806525
616;56.67182088021089
617;86.87409789686969
618;100.13710659299142
619;52.64303538109537
620;144.7007467452235
621;134.27647185447756
622;93.96048709878693
623;115.04315729345942
624;137.65303910501282
625;51.77950086405854
626;41.47646388212702
627;152.26238136965085
628;129.52361666646675
629;109.57928168403532
630;103.01302679908572
631;53.16783792962614
632;140.42323031152677
633;115.89128105413612
634;102.53931910492449
635;151.1812851963029
636;135.8399937458186
637;110.06095922624948
638;41.92960192958706
639;89.53937664034461
640;121.00151494424938
641;105.07733640276501
642;49.10940510773331
643;104.29756712254805
644;81.99409433951045
645;132.02497056735706
646;107.28155471153946
647;53.6806687541826
648;142.8298740106734
649;53.828441892321365
650;46.67117778017138
651;133.95719440640016
652;120.61951049361534
653;109.68029908551686
654;85.36855462341033
655;106.06922000115713
656;145.01680633481013
657;115.54592047149552
658;148.13473504825203
659;58.38878762485351
660;27.578764370580352
661;125.75731947222988
662;59.55799869695337
663;51.676928882197004
664;64.10589378011808
665;108.23488952609053
666;113.93829035984137
667;141.0230778917323
668;143.02533976278943
669;124.81145939969832
670;137.30800295395463
671;117.63593359364558
672;106.04595236840916
673;134.24437503613387
674;93.39899054554738
675;85.15475892358165
676;129.86556481705708
677;115.35601310253972
678;138.5066720034714
679;102.40188950625611
680;116.85254632865205
681;133.06263698391234
682;122.77222451569452
683;113.03317867012402
684;62.17177912748768
685;121.9364883227036
686;43.927208145373285
687;77.27633581909618
688;116.21693191229073
689;119.89906830477264
690;130.89375038244765
691;115.63090296685121
692;138.71966230850873
693;115.52838833427428
694;112.97526148620722
695;109.39324306871373
696;103.1970815417099
697;107.9431366204982
698;109.14921244294155
699;127.62935589794058
700;133.55871280156043
701;139.5145204376101
702;40.66172214340046
703;101.40867779701244
704;105.77727101978513
705;106.13718907256994
706;131.57109163356128
707;96.1367446814188
708;115.38099080075378
709;116.89715296027187
710;90.95732664463857
711;130.72490404295604
712;25.366692085452478
713;110.51896111026855
714;138.70662239474376
715;132.2482667382936
716;58.25324592440384
717;105.97504306239412
718;50.254680686743654
719;128.28329558307345
720;108.54108148104527
721;75.16440241680127
722;59.20242964318639
723;66.53663297814887
724;135.45045634336276
725;136.53434838653646
726;77.2660599287019
727;121.51449293715217
728;53.445247323085695
729;62.909418520166184
730;135.8329758298495
731;147.26258947894706
732;147.64930584263368
733;144.8041652375029
734;56.88061935206579
735;101.935284381142
736;119.75913304940254
737;114.32662993219182
738;48.08160571854563
739;91.69323918711987
740;138.6353004324809
741;34.14966248288164
742;149.19964144573905
743;114.5836050367977
744;52.63879149163921
745;94.85605331845521
746;101.50447318501827
747;143.84809247395214
748;115.41384460589067
749;121.95196489559407
750;85.30455358141
751;139.38016546076088
752;56.13670370408455
753;103.47165877738084
754;136.75003660267862
755;63.88709840888425
756;143.33946725180692
757;110.28384351305323
758;45.79412305390061
759;59.5205187821234
760;141.14571548693468
761;120.87468523346371
762;146.155365055076
763;57.45836431441029
764;107.74562755478001
765;98.5377391476335
766;43.26142956680859
767;39.076114482651384
768;55.56422815309463
769;112.10624623872727
770;138.3219267021426
771;123.575669956788
772;90.74317110931737
773;84.60235350628234
774;145.02412774576544
775;120.31750533072697
776;142.29021587017888
777;126.62301127876843
778;150.0039452608674
779;108.78185029321631
780;113.25272741921148
781;142.88654238391328
782;53.22142556599078
783;47.323497687682945
784;32.30054743640152
785;114.56856674999278
786;60.237389275489605
787;105.94046534683596
788;50.69497418298113
789;123.36258160773653
790;36.399393088680895
791;109.6068288123136
792;107.13390635215947
793;84.36999648695007
794;80.09925967249909
795;105.94776578054548
796;98.51590868371358
797;133.22480723839195
798;103.65582930118187
799;102.30968111544112
800;120.99002465314112
801;94.9298840304737
802;103.56926298458085
803;51.029965873500444
804;144.51170879519816
805;42.22339348556874
806;126.54556966386316
807;107.58560610070568
808;131.77196443118987
809;103.64083547884934
810;123.33580142982244
811;113.49190689933528
812;55.51876158235413
813;49.72142941694552
814;105.08941476434349
815;123.91928868606757
816;37.62946362527509
817;108.17506908350197
818;144.28720618410438
819;127.4067428197251
820;128.36624439839238
821;110.59899090504705
822;120.28443363555027
823;135.07384424243384
824;42.628870245943325
825;122.07264947849737
826;110.59029511963547
827;107.95015429645547
828;140.01069677739372
829;35.42585519481392
830;40.85362497932391
831;115.48763679115902
832;113.0685750898773
833;129.00084516540045
834;58.941264556641755
835;145.14970536612464
836;58.14990823973041
837;124.12444637230473
838;102.34022822087161
839;99.08826969607367
840;49.10489186818661
841;35.03244388474877
842;134.365459018555
843;160.79262476370238
844;108.30571284646001
845;122.41292216956799
846;151.7824191508946
847;33.47491709080495
848;71.39890408137221
849;94.96869331471058
850;105.41960473432789
851;112.13141687023227
852;151.92107798068508
853;131.2650595268847
854;152.60141662096942
855;106.88955590581548
856;45.367039070446076
857;128.56761566199216
858;50.599901736315104
859;44.43475960202209
860;134.35180586545158
861;108.81440114753761
862;144.98823269216177
863;143.17133748624158
864;136.75509261655793
865;50.056198270761826
866;29.858795988854595
867;108.96689342984536
868;72.63650483556026
869;94.28230537426806
870;92.96544063480641
871;147.49763166442094
872;49.945496486086185
873;47.851089507131675
874;119.02301372029669
875;120.96013050390245
876;64.66014748753311
877;120.38314291846876
878;55.023135399735665
879;77.31252024071482
880;38.32917372775642
881;101.64209129153511
882;101.07673991288905
883;136.32061932824888
884;38.57126856074385
885;112.8592176159377
886;40.15671917264507
887;143.114783627143
888;111.41356287445029
889;115.78678814336175
890;144.6520789106741
891;77.78896808126022
892;59.58481574814617
893;101.64458899819573
894;44.521666920418255
895;109.84982843746624
896;114.59930571895876
897;142.07904429825882
898;36.093466202442364
899;151.51657922788098
900;107.55104465523416
901;37.151346585542846
902;51.70695693929612
903;103.5880173813873
904;109.06318871764114
905;83.68947765592243
906;49.790220560265574
907;129.0978109800639
908;45.64186534407348
909;38.09991834184667
910;152.84655997358226
911;108.47366804758883
912;100.05270351995469
913;123.43413509666183
914;107.83814316447997
915;50.38600618549561
916;98.35905605907041
917;125.56190618971061
918;136.05410681314206
919;139.96087051064325
920;42.36097685254788
921;125.78757958782163
922;64.51289691360532
923;155.58560871226825
924;143.53991999119143
925;91.27170974324886
926;111.05509630105678
927;144.10764023184962
928;107.26226792304837
929;103.21886361402352
930;144.7928836934188
931;100.25769311478533
932;150.5699018562578
933;47.71306062867338
934;98.08630945403434
935;139.28658484336722
936;104.66590359049577
937;130.6224644753297
938;131.96021849022537
939;64.05060126938609
940;116.45396002479242
941;107.98211548819194
942;156.0043346003386
943;64.12747190500382
944;62.68852399513733
945;130.1085245763526
946;61.87341920410265
947;68.85668588149379
948;94.33473459434165
949;146.13050507213464
950;113.87057679693329
951;53.96023374350008
952;106.0959617503609
953;101.58079289770932
954;154.351366717274
955;48.77896281056166
956;54.26568886938891
957;101.97211020921088
958;143.2912508563207
959;126.97941781700067
960;44.86772212921834
961;149.4705149887139
962;142.5497259698979
963;140.68895450753286
964;138.11647609701328
965;41.71357065884568
966;104.15556438304827
967;42.21133239447674
968;111.9453500744704
969;54.18362428906906
970;100.36734214352873
971;102.67469516135318
972;134.32053312494043
973;150.93114245436772
974;146.673081825824
975;114.21328717309156
976;148.97443580991686
977;68.47618833538834
978;79.51439624861123
979;104.01464935292299
980;58.49876184151938
981;62.45896831521031
982;143.46964543975804
983;127.7993608061607
984;55.72852239123911
985;119.23924175875715
986;76.36241391210477
987;141.6910696796599
988;104.28598788445866
989;120.82893544557783
990;114.87614547613396
991;111.680510579647
992;132.35450115308947
993;114.0220002100792
994;57.75548357726598
995;103.87825289197673
996;124.02124599682134
997;146.1599150494858
998;40.93926821035856
999;80.63182689787263
1000;60.82873138932861
1001;107.3590284087596
1002;81.85579796528287
1003;47.1734284921924
1004;92.46919570267917
1005;42.57999392811165
1006;139.25635325156676
1007;112.63741598457565
1008;111.26704736301691
1009;134.96070079395847
1010;133.55191154793687
1011;49.83941445612284
1012;143.16001491059012
1013;112.98225216268851
1014;66.35864436237196
1015;150.9451131643171
1016;47.16771675509815
1017;121.29400191496046
1018;148.857028706047
1019;105.01105160660767
1020;133.65680072649968
1021;118.06735443077218
1022;110.38281978530065
1023;35.99399342935283
1024;40.19650247275523
1025;49.56519970200001
1026;45.81126060499537
1027;105.81417242552115
1028;99.15945730983694
1029;99.36014286668849
1030;78.0245934219533
1031;38.66219531203981
1032;141.3893888901233
1033;131.36417047251467
1034;101.94583213417565
1035;140.4428906559756
1036;145.9742014662309
1037;116.82946027538594
1038;100.90341602659012
1039;135.02930571112074
1040;109.44838767443412
1041;130.2275801860221
1042;51.00165805044371
1043;137.15284873561302
1044;119.76575736962971
1045;56.53750687360392
1046;112.21775158475336
1047;152.81086953712526
1048;134.46537447373666
1049;43.460800490545765
1050;134.32193345914095
1051;134.05884866503447
1052;95.988681158276
1053;98.3133025706893
1054;91.65216390549432
1055;117.0663259104773
1056;77.34890508056621
1057;123.91904397499596
1058;131.55916380669817
1059;136.40979286799626
1060;105.77792581135682
1061;109.8010587744549
1062;147.36236671953037
1063;46.14063544933133
1064;119.41857556840935
1065;102.43410460035872
1066;106.97956739041283
1067;109.67545410573699
1068;50.18528582951662
1069;134.05832413759634
1070;96.45097164910666
1071;145.35156978950403
1072;108.2021775322691
1073;52.02605352475702
1074;142.34086489527428
1075;115.74150025277328
1076;149.03787559774867
1077;52.10122224592854
1078;43.94400010302057
1079;68.50352196850277
1080;134.48561961059917
1081;147.14559974208277
1082;123.39317420984591
1083;99.60250704445399
1084;57.431508751251755
1085;156.09260158047945
1086;57.944678276450574
1087;79.7682642524899
1088;86.54436256971616
1089;50.0234088040546
1090;88.66604709448774
1091;93.43672465719206
1092;92.80967696996655
1093;96.63720235660028
1094;119.79292434426371
1095;128.84814024775653
1096;49.82350062912464
1097;53.09482207795024
1098;99.82719753712519
1099;54.46888093697317
1100;50.66640531740033
1101;111.31302323225579
1102;103.71293655159255
1103;130.3683973428843
1104;39.88650582780475
1105;102.84726660893647
1106;142.23589877522318
1107;121.95404830694272
1108;147.64740948492187
1109;114.15312147977819
1110;139.6981719113656
1111;140.69473508668216
1112;98.8710993462019
1113;46.17327446133902
1114;47.19523457436274
1115;50.98168790688307
1116;115.32235680464231
1117;139.1476782208152
1118;71.24302472979393
1119;106.66273320149602
1120;95.68244797812253
1121;123.17910707798558
1122;110.20894496269302
1123;86.73662961884071
1124;138.6714863930211
1125;78.89436784229505
1126;126.09371403497276
1127;93.37922086788257
1128;52.06964105668407
1129;51.65521818955001
1130;65.21533266147044
1131;133.32038961869608
1132;92.26412341041562
1133;32.24182005051159
1134;70.86379495263297
1135;106.49736598297805
1136;103.64031968940769
1137;130.08246537482526
1138;141.3794610882003
1139;158.1644406341441
1140;90.71385122530691
1141;123.0174119625907
1142;113.75898808791315
1143;101.04778799472035
1144;101.39451851741414
1145;110.43410393162436
1146;97.21349981649507
1147;67.43539313944254
1148;104.40915517697799
1149;131.96869108040258
1150;103.8202408043725
1151;52.58413696693272
1152;142.83116608772224
1153;108.62895392878707
1154;108.13399294894413
1155;77.32281479011776
1156;42.96697598055149
1157;53.573851961061514
1158;105.37431617245912
1159;146.56513661563412
1160;106.634081111221
1161;50.63943635205743
1162;148.39090218612847
1163;142.01776295585285
1164;125.56833838506651
1165;116.88170730716985
1166;99.44732256344969
1167;110.90823707866653
1168;155.1012902905845
1169;133.59477128432349
1170;126.98105805377007
1171;149.3251051658032
1172;144.2978112393797
1173;116.82167349609793
1174;91.69048293233153
1175;95.77215061611555
1176;141.65852323316
1177;54.66582563927692
1178;116.54639440241965
1179;110.38634003559599
1180;150.68900464399252
1181;105.63044711172947
1182;104.46167130411212
1183;110.42783625785978
1184;75.87978934370213
1185;116.35920292240274
1186;61.42627092722271
1187;105.53023683040391
1188;40.26916775621167
1189;107.8317540355049
1190;120.72120003175213
1191;111.42894296012506
1192;89.62752419154096
1193;124.51865575484813
1194;50.15381757922266
1195;143.50757645675884
1196;78.8084425337836
1197;111.40386380727621
1198;114.8529052249585
1199;111.29046341015847
1200;144.04148012194034
1201;134.5178667354201
1202;66.46630964534233
1203;52.67654741227287
1204;147.11724397673103
1205;144.66941858370996
1206;35.62717507256678
1207;109.43648471453889
1208;153.7085196653665
1209;59.273429524477905
1210;40.06166289105138
1211;110.21148281727484
1212;100.23653274506395
1213;50.61538593800121
1214;56.845043160954205
1215;151.14000665781023
1216;123.04488210037195
1217;65.30701770231309
1218;80.10719377056658
1219;119.6445818651795
1220;115.6858426330746
1221;112.62516174074885
1222;68.12011319315269
1223;57.18358061061415
1224;154.17787686085305
1225;137.1368168356925
1226;50.9453767920844
1227;110.09832878339604
1228;136.47758981531706
1229;84.05156770881584
1230;149.33984968947362
1231;146.036132341047
1232;106.16772830317004
1233;104.79194471120579
1234;94.69305329419069
1235;107.54800479639323
1236;115.79009160893737
1237;145.41790377800993
1238;143.01098180166434
1239;143.99468741126913
1240;112.38112437536736
1241;119.95693162534668
1242;133.99814591450843
1243;34.11548833460576
1244;111.0970284431414
1245;149.91178187175603
1246;53.91222579219155
1247;57.138937159589986
1248;60.527167969782596
1249;51.38680422509238
1250;130.7003364994932
1251;130.79508222652706
1252;102.0248825794765
1253;148.38855698558228
1254;106.54891976310873
1255;146.4668617780358
1256;43.61185040195827
1257;55.75353031791423
1258;146.691158133665
1259;146.46057905464627
1260;102.86070716871777
1261;112.55084838662671
1262;119.97045129222735
1263;59.82682637709031
1264;105.35952408387081
1265;136.93997616260444
1266;142.20776003985583
1267;131.73582974766038
1268;111.84247352239083
1269;134.1833955792391
1270;144.65127762904328
1271;51.01787679472165
1272;141.4702957824124
1273;105.79431403391541
1274;100.64689743549258
1275;148.78431529634418
1276;141.2810590259059
1277;130.01979790952387
1278;95.33060995888698
1279;109.12176209494235
1280;149.5416052887051
1281;99.78643291078187
1282;22.50214180050855
1283;141.15361579592482
1284;73.38063575564149
1285;139.4050507788724
1286;134.2080956010638
1287;43.46020878013234
1288;130.01114065231434
1289;146.59493182123182
1290;104.09277611517565
1291;73.68917223837104
1292;136.46304902842041
1293;131.02520102793298
1294;146.89319733587217
1295;91.97689349052604
1296;126.8208190953211
1297;104.42376613360284
1298;39.4830564460292
1299;46.96193321422575
1300;99.43910056895432
1301;107.86746256476934
1302;93.36257762696886
1303;89.54039789303839
1304;104.71284083339383
1305;47.92275665892472
1306;45.24332523657989
1307;91.80502510084216
1308;103.2087991950778
1309;90.72804375332281
1310;153.87028161119656
1311;58.608323070776066
1312;151.5479233625437
1313;79.25931376373218
1314;109.60502092828794
1315;39.99632944534406
1316;64.77634583789792
1317;123.5095907065361
1318;57.46395204733443
1319;112.53414241919248
1320;127.17090674192255
1321;113.72348929690442
1322;134.51078741776354
1323;144.9885679855394
1324;116.82917126681943
1325;56.0578912608987
1326;106.02313297877402
1327;134.0575460856241
1328;132.60887926393474
1329;69.1658347453889
1330;109.13364750318316
1331;125.21472212028395
1332;113.54252892555807
1333;113.3824846274508
1334;55.496862788159305
1335;99.82638514758038
1336;131.95581274449324
1337;114.73538643783482
1338;66.84230975861577
1339;122.95841733963007
1340;155.60200703981013
1341;146.45501902331242
1342;133.80436848530556
1343;130.66662480107135
1344;118.97936586410704
1345;112.61492170682247
1346;109.47178923988625
1347;129.6684717164589
1348;123.36577023322378
1349;71.33792786939085
1350;118.95017142313341
1351;41.41649281015489
1352;55.116218117001885
1353;106.13936962263693
1354;138.1582032179727
1355;150.2957667346602
1356;148.3932369190905
1357;146.7413850431726
1358;45.65285274773885
1359;106.14606220633794
1360;123.17617277464959
1361;38.05592134866454
1362;122.29889464730364
1363;68.91911455519842
1364;148.27221328632572
1365;102.78334615339448
1366;148.66334371352167
1367;112.8682289150343
1368;150.55735934513706
1369;63.45238050278459
1370;110.21200546708819
1371;141.12059279338035
1372;93.96715914900406
1373;132.0873304946759
1374;76.21234040192694
1375;53.237328990265624
1376;53.74107578051225
1377;140.12577168156315
1378;54.2282076738249
1379;134.31943923679594
1380;136.31817410871093
1381;139.45463905279453
1382;41.805596209243916
1383;76.68478821952803
1384;106.3028969212566
1385;40.49199708460657
1386;70.84932317793701
1387;135.62940734001663
1388;54.13828491502167
1389;114.19665172994459
1390;109.42543822481943
1391;106.60486646952035
1392;114.34528858745156
1393;38.6582783485254
1394;96.34664745450496
1395;136.35899163970458
1396;105.51333374416106
1397;61.61577567877025
1398;46.30652036641341
1399;7.923852591063144
1400;32.82587451478577
1401;147.8277962197539
1402;52.346332511183874
1403;102.70223292108692
1404;42.72783970895988
1405;93.43094943161182
1406;114.37962485340805
1407;45.86248219237898
1408;150.16384646070503
1409;87.43465094439695
1410;148.8491604208164
1411;94.33870451812828
1412;130.06212754002416
1413;35.567351760656635
1414;137.61986117163653
1415;146.6642221490394
1416;70.21878491658143
1417;85.54480898398883
1418;44.42514550422044
1419;125.2817525637963
1420;127.74242447031787
1421;61.817384454465156
1422;108.80798026135199
1423;134.9146567162664
1424;90.59915610640276
1425;121.54080052970973
1426;140.5682332486349
1427;114.0185845084201
1428;148.56622375247136
1429;112.38819903309331
1430;86.90626636275587
1431;61.84719072580846
1432;104.39397967410669
1433;115.87820730869288
1434;120.94266043471724
1435;148.48613289862016
1436;46.54538905370045
1437;53.301443143094346
1438;141.7737678744158
1439;103.76181888403495
1440;98.03937302314534
1441;152.11712839873434
1442;143.91272051272097
1443;118.52008766451542
1444;114.59433660788464
1445;48.77056609849757
1446;99.72291305567711
1447;131.8586092775546
1448;53.182978171005274
1449;141.30775571434748
1450;54.11276830263481
1451;100.83504169619242
1452;106.00491053215106
1453;137.85438680855154
1454;115.54420830262643
1455;47.638179966975656
1456;96.57954955267971
1457;123.0206491689158
1458;102.10769310182975
1459;102.77543487692773
1460;77.42366915248229
1461;104.28883072976498
1462;47.32622074796224
1463;41.78712808631296
1464;76.13285668787371
1465;132.67623824461896
1466;105.40420714838177
1467;141.61636390509017
1468;48.87547595198086
1469;43.9823410770286
1470;95.64015805912845
1471;79.6983251986112
1472;149.54859336044342
1473;104.09519550752651
1474;145.99321717550623
1475;106.98494255790533
1476;139.10243849848
1477;137.3155361707427
1478;39.6670894312316
1479;52.60064169112046
1480;148.74489756350044
1481;127.40341072406665
1482;148.9574729888763
1483;121.23542252921706
1484;145.73277008548763
1485;67.31855285980913
1486;31.64613407816438
1487;125.64542920912737
1488;106.37312851743806
1489;73.74477123216973
1490;112.30355287637772
1491;105.01342842277725
1492;120.48352864943872
1493;37.202901521854585
1494;132.43893959898236
1495;109.9799663898381
1496;117.24379268467186
1497;122.0234649719441
1498;142.63238746545164
1499;91.91910274153722
1500;142.9442602562012
1501;146.3268530851718
1502;43.82656064880574
1503;106.6059815045258
1504;102.17676714793745
1505;122.7747701247742
1506;37.55660529405402
1507;55.20779001657131
1508;133.26072514731254
1509;139.74160489296858
1510;140.50658687360522
1511;113.0649523807553
1512;56.744449204472176
1513;119.22796000127116
1514;51.26533820566967
1515;136.98484157846124
1516;98.73059488941496
1517;102.51132693891113
1518;78.25149717422443
1519;130.27375106066148
1520;43.58541930150122
1521;130.25919976681809
1522;150.28713659583312
1523;108.13361103602932
1524;104.7561863614394
1525;110.2364775644433
1526;149.70018069236346
1527;145.11095435512783
1528;121.41338295659787
1529;110.75650254484164
1530;129.60203472603317
1531;77.50300926891654
1532;94.58039586776465
1533;129.4752410561134
1534;119.96632089746538
1535;105.7003856115467
1536;37.88946960079905
1537;138.04465591783372
1538;134.6864640704177
1539;144.67205783578527
1540;63.298647998967496
1541;144.2934329063234
1542;143.23995349053308
1543;59.98416004434843
1544;119.58014082381294
1545;99.7863041653236
1546;137.7805676746297
1547;153.66127759266266
1548;104.73360093188636
1549;136.01843835441315
1550;146.14883141962088
1551;111.04163996290649
1552;150.56948903697685
1553;108.30851658456082
1554;119.92444947138303
1555;152.14808981456778
1556;139.88569937934398
1557;149.45579680598672
1558;60.531814255138684
1559;48.65530997559368
1560;144.55346301349672
1561;111.6294865232257
1562;31.486370408687968
1563;107.65770433750981
1564;126.8531709623168
1565;107.25022028924388
1566;102.99532042160943
1567;119.76710098417044
1568;114.7837733197633
1569;112.76297267714683
1570;74.1536450600436
1571;150.82376013567233
1572;140.42730798922244
1573;111.1076311399049
1574;109.04057262940744
1575;108.2453818256974
1576;57.34628728094505
1577;117.17517999905056
1578;53.854622989979696
1579;135.3433895929873
1580;98.44620386357579
1581;95.24410906295617
1582;150.81114093859952
1583;103.08002963092986
1584;155.7829292044198
1585;56.18583190608666
1586;130.2430066352639
1587;132.1455792098211
1588;69.84410589567507
1589;41.24670977349199
1590;106.23509067823275
1591;135.23710686820505
1592;56.964041672062244
1593;64.56460832955548
1594;131.39159605620065
1595;137.93703205482174
1596;114.24664611141756
1597;121.85796939393089
1598;42.83072499367096
1599;105.96735343895028
1600;104.24296940302395
1601;140.53804621216693
1602;111.91636633485699
1603;103.53243091737684
1604;116.40584785634807
1605;99.96830305364182
1606;37.44698201227426
1607;73.69900614805005
1608;143.63216919351984
1609;100.42568376562804
1610;142.15265626361384
1611;98.95301760501926
1612;114.66342458093258
1613;104.90906130393785
1614;127.21481395360189
1615;51.95682967620398
1616;129.80723056478965
1617;46.461248371265654
1618;146.71661510563047
1619;152.7436655124555
1620;114.91055329190016
1621;137.4257055379773
1622;103.73142547486316
1623;111.76894660257366
1624;94.69654269119951
1625;99.44756945547289
1626;140.94112613459956
1627;95.91794627969543
1628;62.76350242015106
1629;130.05937898701757
1630;41.467807861009334
1631;52.49073821794644
1632;63.09794630486764
1633;146.88889977137134
1634;115.65692602343154
1635;34.46950905253745
1636;147.13279281666243
1637;123.53226433979991
1638;144.81776536386292
1639;140.55096331874236
1640;120.67989161970382
1641;107.57406073492504
1642;52.09842523203749
1643;104.27985212255547
1644;102.373581003641
1645;98.63490117279775
1646;104.08660687495953
1647;120.92104868585619
1648;111.54451933157216
1649;142.9335499372774
1650;79.64490033336969
1651;111.09869334336571
1652;64.69105448310563
1653;110.39077834674166
1654;101.04825318825182
1655;98.32144527491297
1656;107.12423581325301
1657;152.34236659209756
1658;51.605584866226856
1659;105.7277698661192
1660;33.863620628875786
1661;137.9597899562491
1662;159.14785472813764
1663;118.59909842912728
1664;63.19317923323471
1665;111.80958986027565
1666;114.27690958605436
1667;108.03982811050619
1668;141.26072065690965
1669;127.79775631659675
1670;86.64524412867374
1671;59.018352725382556
1672;95.06797182915955
1673;80.82268514536175
1674;52.5036897782667
1675;105.28680201013452
1676;52.040836865203275
1677;92.43057321856591
1678;120.89512340683049
1679;62.88706672383323
1680;114.93025903492547
1681;109.75779247401493
1682;86.431138866574
1683;125.96675986883642
1684;53.91218099930009
1685;110.33743818188508
1686;107.21312031458685
1687;124.78561463456505
1688;77.73212734019833
1689;54.42474411366215
1690;93.61337002555214
1691;81.88476149015736
1692;116.5665596274725
1693;112.81902566021428
1694;139.3533676238167
1695;120.50932771125026
1696;135.06274307967357
1697;117.80203974969992
1698;130.75925165031646
1699;101.2410811138327
1700;133.2906956027959
1701;129.86621077494524
1702;106.29255276757621
1703;136.47489549049243
1704;140.28353259374444
1705;100.89921781540012
1706;143.67774092145442
1707;151.27265112541116
1708;42.088576552720276
1709;69.25517874560336
1710;138.95647440573796
1711;94.83578535452978
1712;115.66436394046099
1713;64.19708343141784
1714;124.37520472478579
1715;131.78431445721208
1716;65.0605702376438
1717;103.95455821978291
1718;141.46237960571688
1719;121.42134737546996
1720;138.64515036524352
1721;158.1405777785184
1722;37.68016303462772
1723;96.51107275896254
1724;141.561060326259
1725;95.37979827783337
1726;111.61797796525659
1727;48.98251414418252
1728;112.75055520659119
1729;137.86593521643212
1730;134.9413999903375
1731;122.53743886246946
1732;110.63952928869088
1733;142.91899522572828
1734;92.45763436831031
1735;119.77174722079572
1736;142.23507194082313
1737;49.1579819952674
1738;108.90967755565276
1739;62.837887971951574
1740;142.4226254243051
1741;65.87523140705328
1742;96.23322489513728
1743;105.72588684019695
1744;100.80465599508562
1745;110.49469085292108
1746;111.3920529533775
1747;141.37480336615795
1748;123.43189387758801
1749;108.3379939281514
1750;54.46438028707129
1751;48.212874336194716
1752;114.68802334231208
1753;97.61532808547202
1754;77.86655235752073
1755;140.37816658431888
1756;102.27071596722026
1757;114.19935474052308
1758;136.5327723871368
1759;70.38748694184557
1760;46.9935111178491
1761;139.07085111258846
1762;123.44734628877185
1763;117.06736411187063
1764;34.94268609294519
1765;61.41844823634999
1766;98.9330202018989
1767;150.87725499134288
1768;111.21238617391859
1769;105.0081648792279
1770;146.5506266205529
1771;108.04400361508321
1772;52.08421701962959
1773;134.59229056449476
1774;146.0611487001678
1775;117.74794280054293
1776;96.19093564631063
1777;46.594489695402864
1778;103.53543121624037
1779;62.824175647673655
1780;68.320473072006
1781;108.2606200955178
1782;57.81484265552689
1783;140.42705276744312
1784;33.0775375908311
1785;134.3583254518623
1786;98.77601803326152
1787;100.06201583830516
1788;145.60780980104286
1789;136.3898595855154
1790;93.05065960953637
1791;98.76793747682083
1792;136.85822206307554
1793;89.23653948206386
1794;98.41299405141879
1795;75.9638417765137
1796;122.02758109211149
1797;110.89892161960219
1798;104.4542277102854
1799;98.13561523136818
1800;99.30178520571036
1801;172.7839993933923
1802;127.0284898697392
1803;118.02824913010977
1804;34.325843192119514
1805;128.3960055502056
1806;75.04363732304958
1807;53.77569133654242
1808;28.454057883319102
1809;98.55562716073929
1810;107.98288417111148
1811;130.63086349571654
1812;140.3426977318477
1813;94.87756911548516
1814;106.69392836360055
1815;119.36703493820694
1816;157.83674155028928
1817;60.756315337520405
1818;69.18626348720736
1819;159.30139591380305
1820;54.57656049510874
1821;118.34091296775615
1822;115.31948853122202
1823;54.31342049453493
1824;146.02183896032824
1825;141.61884450499892
1826;28.62360582026667
1827;94.86906196784932
1828;126.02801892850837
1829;94.21832356804637
1830;74.50894819200163
1831;116.42448242970843
1832;95.04729164196318
1833;105.69183937977641
1834;61.4302979501749
1835;133.56615248586598
1836;139.26860657448643
1837;121.35901448065684
1838;129.16625849911685
1839;61.14916150686446
1840;116.56477514509288
1841;38.35826304282821
1842;63.28097775846538
1843;122.69326241880077
1844;152.6560013931167
1845;105.71947132548517
1846;33.19094586145488
1847;146.06768501978826
1848;78.54702311494961
1849;113.69852445140052
1850;51.25383450419756
1851;130.05800745474636
1852;46.3231655336119
1853;145.02434331456845
1854;145.92213219441496
1855;59.81407355157202
1856;43.53285066258934
1857;92.08365158928444
1858;50.12156177626864
1859;111.4539199073667
1860;128.40223034118446
1861;142.83955570179245
1862;115.86652575652457
1863;47.524857958456366
1864;47.50251050200954
1865;146.96049410489243
1866;46.342293592610595
1867;42.12908826707982
1868;80.04495849109946
1869;141.66746845566107
1870;109.51217591583969
1871;79.25407835640364
1872;109.67938037962733
1873;62.072768034322806
1874;121.78431668845681
1875;108.83878282905361
1876;44.045931344335756
1877;106.15926641680699
1878;126.30167008872358
1879;43.06901214122658
1880;100.34328362869499
1881;139.2389667124155
1882;54.53339052457119
1883;116.91891632912206
1884;99.17145160218467
1885;56.92582702635633
1886;52.181038342323134
1887;39.267007763420125
1888;116.60953653901637
1889;55.723850564010036
1890;54.68227756507314
1891;77.93408291534581
1892;146.60393031379277
1893;98.79783611666267
1894;99.38951553371093
1895;51.43945695111424
1896;154.98955782462573
1897;109.87140168993707
1898;121.99384959428534
1899;135.0933933924773
1900;99.10957119121707
1901;148.21645011171574
1902;126.35284597842116
1903;103.56606175258189
1904;142.65112798081364
1905;116.97320428970664
1906;118.72152643906003
1907;119.07474443014479
1908;68.15365955163902
1909;104.65729340876858
1910;128.28764965987
1911;17.034299667947025
1912;52.451327182197865
1913;53.670200637422596
1914;144.65884015802817
1915;133.9098875441393
1916;121.7823438366216
1917;145.5013232046711
1918;140.36449875850218
1919;137.74834002261713
1920;45.432215843913795
1921;119.88620991101627
1922;106.66946743741885
1923;62.94821352221665
1924;140.35687279131878
1925;100.03153055692104
1926;54.08898920578753
1927;53.383030394953444
1928;100.35671705488127
1929;108.56367609435716
1930;39.078002788070606
1931;114.51933288229264
1932;125.8086971243927
1933;56.414163633586384
1934;141.22616803043033
1935;75.36188104471726
1936;148.18661159086568
1937;108.58682447306686
1938;107.3217153398337
1939;120.7756360430158
1940;122.83913417059358
1941;37.27156799303219
1942;141.60564232295445
1943;138.92372889383472
1944;134.22140737266272
1945;141.41817535535205
1946;69.98771225988921
1947;112.14549000700163
1948;145.86752515989173
1949;36.546924721035225
1950;136.34192451133055
1951;139.3240857849136
1952;118.2016047232235
1953;139.65544844831055
1954;107.65809949021323
1955;95.95793935216119
1956;131.75529109714586
1957;37.48700976969543
1958;143.77400015041354
1959;149.72388261354752
1960;45.33018558297574
1961;121.04908004969067
1962;60.19129263167984
1963;102.35898546066731
1964;146.38501922320967
1965;106.25932968204859
1966;125.7238244166885
1967;119.33321697209291
1968;58.884045847797594
1969;60.21286521717123
1970;51.223317834559154
1971;145.02926215494153
1972;57.575269535979245
1973;130.67929307120528
1974;137.98935022051847
1975;137.10154349753245
1976;53.21140915484992
1977;153.0801307592706
1978;151.89560260679895
1979;151.07271292244735
1980;137.62495800318896
1981;104.67387510530975
1982;149.88069350707423
1983;109.85161716041223
1984;106.27597143416423
1985;125.56783121092587
1986;147.73986271300828
1987;77.2160481625559
1988;41.63739831430728
1989;47.82300013692803
1990;66.08777535393212
1991;105.14064937866831
1992;54.97959613260153
1993;122.0051793977365
1994;43.23912681913699
1995;109.5916023131758
1996;105.64245855498673
1997;107.95752479377856
1998;85.69210577442853
1999;118.61926267656615
2000;49.45654137078239
2001;65.72715064505797
2002;53.67651950864623
2003;49.658270431863755
2004;33.7000599463356
2005;114.99504153913779
2006;112.99747380412916
2007;148.9626412127217
2008;151.9038579119604
2009;98.53919684985595
2010;50.009656682888604
2011;93.3024970309792
2012;108.111828605049
2013;97.03047801661646
2014;53.773841275994094
2015;59.09729232690172
2016;62.89412749947483
2017;95.41291170810749
2018;129.0423096801917
2019;98.63346686369005
2020;140.3866493979131
2021;137.13948617333418
2022;134.14908447232096
2023;35.772106335298396
2024;111.83225684654984
2025;111.99437709018352
2026;126.11751718222717
2027;91.72953610059086
2028;41.88797520712066
2029;122.19293643568184
2030;105.04444642821764
2031;111.64771752358246
2032;126.88732640245574
2033;105.75921798814565
2034;127.05553378997347
2035;107.90813209099571
2036;103.59147739571632
2037;120.10170720160252
2038;53.2433162331311
2039;124.65442592164132
2040;54.20646024861429
2041;151.71467237534875
2042;104.80655734001978
2043;154.7075665511183
2044;149.94323213401606
2045;114.27687858187903
2046;115.41974659015536
2047;104.86056645087882
2048;106.8295517507397
2049;144.80936929356693
2050;47.495628881820025
2051;67.03493626391496
2052;82.66451050643657
2053;142.682528135278
2054;142.6658706262657
2055;124.92709762771817
2056;149.1464121759516
2057;107.09076509676426
2058;61.77289983974024
2059;101.43950916765999
2060;111.27184660299552
2061;96.72963848268833
2062;114.57025633230006
2063;145.94948406893073
2064;137.88135678763143
2065;61.95624533485197
2066;47.02533299002809
2067;115.74627902562223
2068;92.22270645457232
2069;143.6154237891347
2070;56.31878210092988
2071;110.09668178171766
2072;68.37009426232774
2073;124.44419440253535
2074;142.49640467425925
2075;145.65189090051328
2076;152.9671691407528
2077;115.12843140407284
2078;118.64683069766728
2079;76.04335294094534
2080;69.13222239723027
2081;111.9716344705801
2082;130.6272652849242
2083;64.68666854037829
2084;50.912629668779545
2085;144.75488090949375
2086;134.3802773818296
2087;150.0368891657622
2088;105.70582190734353
2089;134.59846705626433
2090;107.55568273480617
2091;140.7465328543809
2092;61.001884341572726
2093;51.332394823020465
2094;40.96047373988807
2095;64.26972832935206
2096;125.1165003201636
2097;145.43233642307524
2098;109.82225577004439
2099;115.29768921805372
2100;99.47233894505275
2101;121.44629999117616
2102;61.57064154594664
2103;101.85598918175592
2104;115.78208298455058
2105;142.69024302111788
2106;124.44858802798385
2107;131.5888375143656
2108;57.79535470759359
2109;117.9599956279888
2110;94.98623176261452
2111;137.72744106624813
2112;96.34731689283981
2113;67.06702140748814
2114;107.68294219705308
2115;102.11164017672684
2116;131.87009440641899
2117;78.55845854117202
2118;108.18525728187235
2119;53.93665133750768
2120;136.8129228602
2121;95.85173228004163
2122;144.98315393790364
2123;153.03180133379368
2124;54.09455637557009
2125;130.465758182769
2126;104.30331971265008
2127;47.25786741579138
2128;146.83568809311424
2129;101.8545107104461
2130;49.865794106081935
2131;92.95337927390469
2132;105.70052979469651
2133;61.309082019211075
2134;55.859672411812255
2135;142.24758962302928
2136;112.49621203156755
2137;141.4578881620474
2138;122.3914240341893
2139;96.31730460235758
2140;44.30734258216783
2141;61.80004319250942
2142;41.97299604445118
2143;129.66131433177492
2144;102.42039429571909
2145;105.7455388628108
2146;45.271591102253154
2147;137.79754968457488
2148;116.22114894381033
2149;48.19043988347551
2150;143.85914140790857
2151;52.71679766610751
2152;105.93984739969922
2153;111.73764682013297
2154;129.46880004126587
2155;100.63396020227773
2156;147.67611492471997
2157;58.43513859223073
2158;55.77923448036513
2159;114.25133657843546
2160;141.37678143044096
2161;156.3688275552667
2162;103.15342430497722
2163;103.42004098460936
2164;58.83868948041062
2165;65.91721942971262
2166;120.66116059296519
2167;56.8763623864279
2168;140.32212178348465
2169;106.13585411106138
2170;53.860165109949
2171;55.44552497459009
2172;88.06852051105372
2173;154.73418331669401
2174;37.04165363054066
2175;72.93217942833411
2176;105.2329293030387
2177;136.76213402221188
2178;153.34682148161704
2179;47.980501161915
2180;54.73789977938349
2181;53.85273041835865
2182;70.81314510388334
2183;132.7722004514143
2184;144.04373004304665
2185;113.69125583362626
2186;67.41057742609317
2187;60.331270118662914
2188;133.7131391396007
2189;137.15692944687507
2190;128.94800080117642
2191;143.61088411331423
2192;54.17871802874288
2193;105.23790767641046
2194;124.85393356197159
2195;131.89832407647162
2196;136.76360289513536
2197;126.82215698876949
2198;136.05615316890146
2199;96.79902260661295
2200;132.26569213479422
2201;48.44967279958517
2202;110.15034566614233
2203;54.84091332662477
2204;115.33922434843947
2205;113.05064865763555
2206;154.8716853231109
2207;135.3543911805073
2208;118.33563065393095
2209;117.40125453839653
2210;132.06519434710393
2211;34.54860550383944
2212;58.79810978043648
2213;74.57124507628127
2214;131.038124366722
2215;51.16564910407459
2216;88.09555400290222
2217;141.7322357287786
2218;63.47599897606183
2219;124.86342055963951
2220;49.66482939518734
2221;100.43714948258972
2222;40.05164851436022
2223;105.08356908477822
2224;53.81061983605285
2225;106.53916916832594
2226;43.53186810420114
2227;50.64845087700945
2228;155.83797941423398
2229;116.37353800980426
2230;57.19188807377877
2231;109.38079942268223
2232;50.55961478625832
2233;107.65449291710473
2234;148.6404009935291
2235;113.21265998269689
2236;66.26027210774275
2237;124.03922007143454
2238;113.47426735374995
2239;134.7856194028406
2240;140.58149708930142
2241;126.0532446510305
2242;83.82054844861665
2243;41.689285511292525
2244;54.03508969295815
2245;101.38226888444316
2246;111.7160441605372
2247;40.82207278488599
2248;85.21142832262919
2249;62.00772788803125
2250;92.84087814612849
2251;121.45470659897083
2252;127.58265787852332
2253;144.73445165514684
2254;115.46879620152433
2255;106.7991555284397
2256;89.24536560286234
2257;127.88880764517894
2258;110.79382272807769
2259;134.92045135367073
2260;66.72428707733029
2261;54.28817499872687
2262;143.79158931200251
2263;74.26377811127276
2264;55.89727299665663
2265;150.79153754792202
2266;121.10097185732619
2267;57.82317733335039
2268;119.63792537852534
2269;144.59304371720606
2270;105.6381434639745
2271;141.93712111989308
2272;12.647329071845762
2273;58.38156087325386
2274;109.43653605021835
2275;151.37541463477606
2276;82.12062802657294
2277;114.16637161427336
2278;76.79776618393582
2279;54.121526110515106
2280;98.04189265935923
2281;50.60252655142615
2282;123.34545331723308
2283;97.8628923818859
2284;50.08463028497812
2285;112.92851716146798
2286;97.49357917271288
2287;126.24106464429104
2288;117.35538765322943
2289;126.83612852540315
2290;49.360533088935
2291;76.87243304255074
2292;124.66948140679477
2293;132.47910773645998
2294;115.83553531525946
2295;56.623956642893305
2296;137.62354591975475
2297;134.6792324930666
2298;82.96776392232165
2299;65.83972600412028
2300;102.80335990721932
2301;114.79640313597037
2302;110.28579772685553
2303;106.46039979041785
2304;142.7384140545501
2305;153.49453830738543
2306;151.0647731845518
2307;145.3421672085219
2308;111.3051928529157
2309;111.01761063710467
2310;148.0070235240118
2311;42.98182507811864
2312;102.03773498171795
2313;50.656941650372545
2314;137.8986050633391
2315;127.55151665059452
2316;119.75971899955088
2317;124.92230665505429
2318;105.79483143627348
2319;51.584179056742215
2320;127.88483901248858
2321;96.4477920248332
2322;128.41548196893027
2323;39.224933508948254
2324;106.90382805762285
2325;140.8292353539837
2326;86.35138886984491
2327;136.93775568225635
2328;107.55728004777492
2329;158.31768802052164
2330;56.552592101024395
2331;112.72741252679177
2332;77.42167410460128
2333;81.55905010075791
2334;61.07297040502181
2335;23.675230088092555
2336;110.69735952746666
2337;138.3851968789043
2338;42.65453542036634
2339;120.9566551999054
2340;136.7745755862752
2341;36.28256378442444
2342;35.308521816300804
2343;53.619985611577064
2344;106.16012469510545
2345;82.2254384481847
2346;103.21178291997975
2347;52.33593455863212
2348;112.40917240973715
2349;108.68029816337567
2350;81.57000897309929
2351;86.43061929749189
2352;60.36194494578514
2353;130.69854486223548
2354;143.71208937306568
2355;51.318264089057934
2356;141.82876374873265
2357;106.17073075649236
2358;100.01617640472361
2359;44.73068721593593
2360;145.85576704970902
2361;101.48075196873219
2362;37.87685048472646
2363;134.7218300376499
2364;80.22297080270988
2365;63.070302564947085
2366;137.16322966329173
2367;127.5059366288501
2368;119.5174663918205
2369;109.82159373546921
2370;141.86876660417093
2371;123.6693109814341
2372;51.30316978534664
2373;138.7791955586307
2374;62.7196250899467
2375;96.72076163984545
2376;102.59562361759882
2377;128.418279849643
2378;149.1457862619398
2379;106.85258555808869
2380;49.01635326883482
2381;124.38085603958467
2382;124.06698888739942
2383;37.01643023135574
2384;142.9434238401433
2385;46.24726877680272
2386;114.83537928928064
2387;107.28500839774986
2388;89.19757743359867
2389;135.3269844344321
2390;141.67775043280574
2391;142.35680860714177
2392;103.82673583262905
2393;101.0979446551966
2394;68.69107268713411
2395;53.20601853315351
2396;96.29447539493819
2397;112.0679292030421
2398;107.00681976760964
2399;108.8353571130954
2400;104.79922643958585
2401;104.25064243505693
2402;49.95608345800558
2403;107.55529864055937
2404;57.231988060824655
2405;105.22313844929297
2406;114.15982475267403
2407;47.701733134284325
2408;115.91102543182573
2409;123.08228258759567
2410;90.42746467307082
2411;133.4373172973293
2412;91.45783594553106
2413;112.28500537740628
2414;120.03506152757176
2415;65.37226269614288
2416;132.79351873795196
2417;155.43497610360328
2418;132.50420071596983
2419;145.33117052486784
2420;117.3105877387729
2421;141.761172602639
2422;111.85531973897716
2423;58.42880298304075
2424;97.9107012299863
2425;94.0660100682121
2426;100.98839754530802
2427;92.31263592351338
2428;105.13096371646469
2429;70.40626329755413
2430;109.24940007952526
2431;126.5209766951716
2432;61.364127493325284
2433;125.70633279486395
2434;48.35456393776951
2435;101.31392985439797
2436;133.4147991115271
2437;137.58758138534785
2438;142.37929252257044
2439;138.86953348111552
2440;142.38682599047743
2441;46.881412772983616
2442;101.5631446944797
2443;59.79478841257393
2444;147.01081639788163
2445;114.74919153776605
2446;119.30385493332037
2447;123.86215267053379
2448;151.3396712005396
2449;136.3285826021795
2450;136.96899528314455
2451;114.1235048593431
2452;39.45911466736742
2453;141.52570709910873
2454;102.59176530119387
2455;141.82404664722117
2456;81.38206515044166
2457;138.8432496018647
2458;92.32253777559099
2459;127.27973328272941
2460;102.47988357919637
2461;97.37401831985125
2462;123.93209092734938
2463;110.28996059363766
2464;67.26074556440186
2465;52.934541690081886
2466;60.95460342377015
2467;36.90062458934469
2468;51.4046270782401
2469;40.904281052904786
2470;138.45831468748543
2471;44.300881599901935
2472;115.04441833458344
2473;132.14348541196415
2474;107.13331687793868
2475;91.02156918018471
2476;75.5230971741366
2477;50.81935961663217
2478;111.14082779624886
2479;39.512299665795695
2480;37.816204287122716
2481;117.79644478313998
2482;110.40088993844822
2483;95.42396800448651
2484;126.68311641581478
2485;94.01844762990324
2486;109.35531194915868
2487;76.18393165795719
2488;144.20617562857987
2489;138.7489646589485
2490;99.85645747891488
2491;109.53064203506896
2492;144.26677023362353
2493;141.59832686926373
2494;131.12526441559368
2495;94.9500318590271
2496;141.17206536227337
2497;52.61432317135336
2498;37.89875841207869
2499;35.20310275393762
2500;51.391344084395726
2501;112.41501650657221
2502;127.50401853477874
2503;135.26541586740908
2504;25.24108602813689
2505;75.22295598259117
2506;142.13683869053114
2507;55.40576734480544
2508;111.1599929146168
2509;91.17935136457699
2510;68.67928656967462
2511;46.09273346537957
2512;118.97397157925369
2513;117.57223347503015
2514;60.92045279649817
2515;144.1521723024926
2516;39.0601058382817
2517;61.924763599547106
2518;155.1591237248058
2519;49.57073875989819
2520;106.0264114189481
2521;124.98793064178108
2522;77.0749405021402
2523;131.63494486924338
2524;109.035319318147
2525;47.67615199910283
2526;126.13454595147684
2527;135.96864309993867
2528;111.18730174852371
2529;116.52664563891595
2530;138.5044721207879
2531;110.27473342317802
2532;110.92625311736128
2533;110.71625403319473
2534;109.18257626457486
2535;75.59843537398478
2536;120.96287949010022
2537;146.38683522612268
2538;79.40709076896347
2539;144.28206129196636
2540;96.23755137619935
2541;146.23147535767637
2542;43.113577353059966
2543;124.31194043912389
2544;151.720965338665
2545;113.4545408263001
2546;69.90742586463892
2547;145.1135286111934
2548;127.0359245726413
2549;44.178199807049275
2550;104.52945589398891
2551;133.33735234745112
2552;79.33405147477015
2553;41.25054179821081
2554;109.92995583163274
2555;100.53351744155898
2556;93.26653663730323
2557;110.16010118091926
2558;95.51109360233319
2559;120.4930025812084
2560;44.32943895801325
2561;147.8614221147647
2562;122.19980205899347
2563;54.025218589505585
2564;96.68368842700313
2565;126.12683956180126
2566;97.68331772758468
2567;136.79044434977462
2568;141.77252743575696
2569;127.88679330546066
2570;142.32153126529542
2571;92.65931020458021
2572;122.66136110853931
2573;105.53714576009826
2574;141.2029701606792
2575;156.3316601646078
2576;106.97464651840403
2577;120.8627765496982
2578;36.4541023994529
2579;132.50116962279913
2580;138.57222177862883
2581;129.4328530451907
2582;58.32087461476246
2583;112.03764199746595
2584;121.16845471031846
2585;154.29939136250164
2586;147.18017803114057
2587;112.18405583476977
2588;110.13714372539938
2589;61.90235527058685
2590;140.84643558673417
2591;142.06635395351626
2592;116.44656858060758
2593;124.32833774070454
2594;59.30356139625425
2595;132.88430451538613
2596;108.49663326315307
2597;95.8878830829035
2598;176.94733655739435
2599;48.251805787008095
2600;122.40842675404717
2601;76.39082803600559
2602;123.56103608337939
2603;53.36851049397886
2604;67.29602145276152
2605;90.68919199978454
2606;58.76785059530806
2607;98.11313244191103
2608;118.59303338927025
2609;76.67312735242946
2610;121.11077700133345
2611;48.0376620059601
2612;77.60556337235397
2613;137.157596912742
2614;65.36376482867695
2615;147.32668562851603
2616;89.72485176213098
2617;111.94243713104868
2618;88.84640084734544
2619;46.945950534949446
2620;68.56765803563812
2621;101.20524083757996
2622;90.55852571555437
2623;139.8272217083342
2624;104.99131067677637
2625;52.40071610768419
2626;45.76980322976309
2627;145.98787165319933
2628;46.93465660392961
2629;79.82737142765663
2630;102.75383577708516
2631;111.87999282551783
2632;43.96542911287049
2633;98.84834617508014
2634;125.9647183746911
2635;56.473465028239225
2636;143.25397748636908
2637;110.2542193811799
2638;82.76237836155126
2639;103.37797619698674
2640;113.58036794000785
2641;50.83187072861207
2642;109.5744548537271
2643;49.082072354572304
2644;136.68092975169083
2645;117.67803625791561
2646;72.87396390239206
2647;147.40301436996515
2648;63.27835782134369
2649;56.68983241374437
2650;141.39918288177023
2651;104.98922341245728
2652;125.89540690615682
2653;109.72939863558668
2654;138.52573228053262
2655;144.5180398113844
2656;144.82929153923345
2657;109.22986498755701
2658;121.4087360128061
2659;99.99127815060444
2660;42.118056119042976
2661;63.94766239570619
2662;109.20408029390026
2663;141.21613523598097
2664;113.81463385805482
2665;96.91588535444569
2666;108.27900479063653
2667;121.8738861725881
2668;113.41163007034598
2669;108.54999603770814
2670;137.7894793378918
2671;96.77816152551108
2672;131.7829942558098
2673;102.71744515392416
2674;154.04601038450363
2675;62.876983959950266
2676;100.80791748400628
2677;40.19886147122331
2678;97.0370363245344
2679;57.422100064394584
2680;18.118154218147417
2681;113.45285525226626
2682;121.77492597510368
2683;54.08741723787227
2684;138.8221666320553
2685;143.17067008981235
2686;64.33337209875383
2687;144.81351527143232
2688;53.292402369023456
2689;140.9817813806514
2690;53.08385068337074
2691;64.4339018879233
2692;128.84931872799828
2693;109.62806122072604
2694;109.82547100688251
2695;58.178090276636
2696;95.63528082637175
2697;140.37031826762797
2698;105.92574855728554
2699;77.82410742993537
2700;120.34460122408174
2701;101.27726747129307
2702;139.54428704525407
2703;112.69807440817897
2704;63.399706554258636
2705;95.06344744502829
2706;109.31038385573035
2707;85.8192639691473
2708;112.00637188857074
2709;151.72404564182295
2710;75.74223114993697
2711;61.359811793015254
2712;141.31769131797628
2713;155.63299253512736
2714;125.73490261835897
2715;141.7453420798712
2716;111.10966388891595
2717;129.36889545380458
2718;114.54023853447043
2719;40.52740525228684
2720;50.88103273000283
2721;120.91388663457272
2722;138.77690509413594
2723;59.24323305035266
2724;118.85517212041255
2725;112.5628783041108
2726;57.71215389308077
2727;105.40931927710989
2728;140.91121775881567
2729;118.721360828031
2730;123.88650275135339
2731;126.83563540617143
2732;55.33707931921639
2733;51.11648801579523
2734;120.18244586380774
2735;150.99677105885212
2736;145.94778201607755
2737;52.89897404546085
2738;50.7071771322525
2739;108.7520854009971
2740;145.46314707335523
2741;131.02817809122564
2742;102.90518083601714
2743;118.54613821600427
2744;130.50375455910938
2745;93.35445467695116
2746;77.2252297937022
2747;136.67810407297168
2748;123.16581588000626
2749;152.36910704693838
2750;116.98743476814985
2751;142.8370124256734
2752;131.52134043871717
2753;41.75466351321222
2754;107.32777693326436
2755;141.61238413173172
2756;56.37556612447984
2757;112.94794770484273
2758;151.28683995924615
2759;125.24284564593411
2760;76.76181090600234
2761;62.48699362206916
2762;54.26007398944883
2763;109.6857611302224
2764;141.14740253964356
2765;39.11464093422485
2766;46.90365947922165
2767;141.5874717263454
2768;137.09798144537723
2769;114.45183863289593
2770;115.33889493377494
2771;124.47822189565366
2772;91.74771152938328
2773;144.62003015429633
2774;116.43986817764718
2775;135.32034277749625
2776;58.442747893204526
2777;115.4062546477438
2778;148.4942921715866
2779;94.44126908056694
2780;83.54072268950904
2781;51.48879521256892
2782;77.13267933401309
2783;108.26073628456061
2784;100.0866509759774
2785;96.56668611857827
2786;53.20650797064461
2787;147.8431592597109
2788;120.71441171651762
2789;78.78287537053627
2790;67.61844298692839
2791;134.76944241251815
2792;113.57881636342046
2793;112.58990352272009
2794;114.56581142449105
2795;101.14583258329912
2796;117.83865024753366
2797;116.5722298522015
2798;60.54198747722913
2799;106.45886404796164
2800;160.11560418255468
2801;146.24010504464283
2802;121.41372732934413
2803;73.05894623021746
2804;128.151060385817
2805;53.00814464785411
2806;114.74975462295097
2807;143.392062859169
2808;143.2490183553591
2809;123.54731139608862
2810;37.60802374509379
2811;82.4423889204997
2812;111.4435672228432
2813;58.36004134305361
2814;116.18338611712048
2815;137.75813761417896
2816;101.95639206112907
2817;57.648454784783056
2818;95.7528858675856
2819;123.326445394993
2820;61.09354490731925
2821;141.98017420772536
2822;69.17851342551813
2823;143.35952763383963
2824;108.17353417840475
2825;39.99132726374694
2826;114.19218946869657
2827;57.418444691547485
2828;114.33126717088919
2829;110.20270717829766
2830;123.58802803080556
2831;45.01980084884082
2832;138.93734300862587
2833;58.16448265577298
2834;128.0816739752004
2835;122.22325839445122
2836;47.02556985807395
2837;116.59263579827373
2838;34.844589061096144
2839;103.3866530295922
2840;75.46445382905414
2841;108.4001214404039
2842;71.45873226534474
2843;37.97685508581324
2844;111.13165087662844
2845;140.57465405317967
2846;112.54661166846829
2847;97.1997491830422
2848;80.96473001662764
2849;65.9113995655094
2850;108.83032276321282
2851;142.99019527052843
2852;97.4072613895029
2853;50.217151936325465
2854;57.733784727876994
2855;54.560784794214534
2856;66.84643937354204
2857;67.1836598000623
2858;62.99456591754708
2859;137.81416751604422
2860;130.24118186639234
2861;57.31766796677226
2862;99.31522532466411
2863;101.68341221509246
2864;125.01507178186559
2865;50.75716711050956
2866;105.72084397086587
2867;96.68055469560989
2868;123.97094052875572
2869;110.30988693342223
2870;108.04743627817666
2871;57.50416138451122
2872;37.510739479905936
2873;70.9006791053438
2874;132.6710957874684
2875;101.23354655971472
2876;38.602925994674024
2877;99.02844827026593
2878;68.48008675714749
2879;136.93882043632559
2880;131.18930544625346
2881;57.96974922852897
2882;50.01062044478937
2883;161.20423905529194
2884;46.22573355457265
2885;156.2866274413219
2886;34.52223067892544
2887;150.54368941592875
2888;134.6600065378737
2889;69.9267465776347
2890;123.05196119100066
2891;82.85938679947165
2892;56.0202829381991
2893;69.94812209691165
2894;63.9701071670736
2895;144.57357766003014
2896;111.16624459412606
2897;103.45190978945084
2898;120.721956870768
2899;100.20350062650364
2900;104.5586747730808
2901;103.33386312504513
2902;111.21315485522854
2903;106.19886580251355
2904;128.40516422832894
2905;103.08180416527084
2906;43.36689023824291
2907;90.73169719174119
2908;106.85867739869713
2909;140.25387698761267
2910;127.46644015712025
2911;143.7068948828001
2912;139.73154576027736
2913;93.62266451194886
2914;134.71430264732032
2915;37.7349951228878
2916;36.51764808927844
2917;63.74890704088678
2918;57.98014088828646
2919;91.62550202138746
2920;145.2179033796293
2921;63.998901158852355
2922;128.69008037159148
2923;53.7434021305873
2924;97.78775572150171
2925;143.4759157647672
2926;145.0380583426844
2927;129.97916482216462
2928;52.958980259323354
2929;100.39964638534117
2930;64.30618287612081
2931;106.83761217224051
2932;48.383006400366774
2933;127.97435357470542
2934;132.78007509122662
2935;136.7824363926132
2936;110.59107264758734
2937;101.27427492465502
2938;137.4294548379102
2939;50.543209145385376
2940;130.64275740274772
2941;55.60165065859988
2942;130.41622861994355
2943;118.7777824952049
2944;117.68400957403759
2945;58.737002005249074
2946;78.15391301033486
2947;50.12959676219602
2948;119.81213119343889
2949;150.25090121051096
2950;96.31736839032497
2951;135.59764414164752
2952;97.69283088762862
2953;144.29359690817097
2954;151.47493719645286
2955;73.62956038515614
2956;129.75146216056766
2957;45.3922961061983
2958;140.99708758376119
2959;82.98629859349606
2960;107.03066088852094
2961;52.578055855120766
2962;114.66699636615988
2963;94.78584629379796
2964;57.482333388660734
2965;89.14500104275525
2966;101.10827975209435
2967;132.34637736090465
2968;82.24182234109799
2969;75.92791696245015
2970;46.92674545845544
2971;114.4760930369443
2972;105.74474141167323
2973;105.6275758894009
2974;49.170015032165
2975;136.93841164576708
2976;123.98716630850785
2977;133.13820338361762
2978;109.70948862329689
2979;156.2982915260152
2980;40.99256029434585
2981;142.66651215308127
2982;143.60266726648916
2983;123.01392770852766
2984;55.695244697653386
2985;128.26981892387548
2986;91.79905811554437
2987;114.09521831825597
2988;129.92591383526155
2989;151.54115007542373
2990;136.2879413162837
2991;146.6534775069727
2992;56.742494093921195
2993;46.10964858448095
2994;57.36581151851742
2995;59.478672978109685
2996;111.75525815026344
2997;144.1896013611022
2998;43.48749404932449
2999;137.26771829919568
3000;130.7181118170125
3001;137.20587340549721
3002;102.00584647188806
3003;113.09848972434224
3004;93.52697164609282
3005;107.51012659729813
3006;78.46131631070321
3007;39.54192490142861
3008;136.02392989542687
3009;45.994992857520195
3010;70.7983085289029
3011;103.26567499255623
3012;97.57549896596711
3013;114.77743091732707
3014;90.74113052365772
3015;143.29062435254536
3016;143.19334614188898
3017;140.8943471932464
3018;133.17582179266788
3019;137.20732200956343
3020;141.76250202273732
3021;65.48569723239746
3022;52.87545352849325
3023;109.44282714262275
3024;90.73864634848223
3025;57.30133661439251
3026;119.60539531790715
3027;96.05387171227056
3028;132.94108013053716
3029;138.82471758938982
3030;143.2520856400483
3031;109.5022349313309
3032;112.70252269085015
3033;135.1111908942687
3034;71.2801806586684
3035;101.58286735200696
3036;98.6320730111427
3037;90.22731552389799
3038;57.614214927757274
3039;105.25539035352546
3040;53.385816640943844
3041;146.2746295930458
3042;134.4540689297775
3043;118.49191541870036
3044;81.14378297466051
3045;49.231313827213754
3046;124.45462347084344
3047;101.65724988772917
3048;150.0480185843046
3049;104.51113613743179
3050;105.94948510342323
3051;63.73829142311713
3052;110.50760325904335
3053;105.76454888543905
3054;122.77496225489003
3055;54.61428203993278
3056;43.51006259918478
3057;119.37274031960195
3058;41.79310258164233
3059;153.445927944065
3060;143.29514348358103
3061;105.69630361584139
3062;85.53780633025325
3063;124.5978428831046
3064;87.58431743019938
3065;146.65829213240784
3066;61.76101171207344
3067;151.10951912342856
3068;109.79991835518533
3069;121.22534092419777
3070;40.662570597515845
3071;104.4371068385399
3072;50.16911569803259
3073;127.02700065786576
3074;129.81045289987262
3075;105.47301654283567
3076;125.888559184679
3077;135.78793446669397
3078;147.3988156397656
3079;146.01431599307494
3080;117.86382363388387
3081;50.02186220444537
3082;91.11595180749964
3083;118.50236401423544
3084;84.42330897585381
3085;52.9373677058944
3086;130.1655301895998
3087;52.357945597046935
3088;130.15717850473953
3089;140.4753802037943
3090;151.595927050552
3091;119.08121594715172
3092;96.87293267804732
3093;131.73591918188455
3094;89.44295258434488
3095;99.4251993191687
3096;81.93619737483336
3097;38.85376050026847
3098;113.89678298558351
3099;122.50709440733644
3100;95.55391332892093
3101;112.79817618389953
3102;141.34673137971913
3103;122.94023442529247
3104;97.01416125130507
3105;42.159807547763805
3106;149.10155328684635
3107;113.13056744444074
3108;92.3083984292087
3109;129.2946695192889
3110;128.8521769138576
3111;84.3032770526728
3112;117.08236662374705
3113;119.16310541349768
3114;46.26557975639399
3115;118.50783771239608
3116;143.95034383336335
3117;87.44487027038589
3118;53.88402191101883
3119;32.946231095580096
3120;153.9802591286046
3121;85.24239087837331
3122;98.27214332426053
3123;67.26205765865578
3124;114.99762421151858
3125;58.80363048696919
3126;119.05634339360604
3127;98.0372292244468
3128;101.77873090726035
3129;48.738201707691154
3130;84.48403124058146
3131;122.16467165578942
3132;57.29422359490617
3133;95.81557003661335
3134;81.08473601726087
3135;134.78227612708648
3136;105.61785008822673
3137;95.27897712933331
3138;45.72469817460106
3139;62.45442517763513
3140;146.22832439765534
3141;127.61466006794237
3142;105.4986312190271
3143;104.73301041740135
3144;103.42272224964412
3145;35.34559066354896
3146;142.21680787197886
3147;139.87287095150285
3148;46.08760216657493
3149;55.59201614718097
3150;98.68794225586734
3151;119.94084431889691
3152;119.62683648720112
3153;138.4817624285954
3154;154.83261505623176
3155;46.34087078300446
3156;51.433822966509865
3157;108.9505042457599
3158;46.8217408493889
3159;135.84593391643162
3160;38.7904290061591
3161;150.68669398833345
3162;114.33130350424557
3163;47.163497151474544
3164;125.36412266041664
3165;102.12055489897031
3166;118.56928639226093
3167;39.88618853561166
3168;113.99673254207802
3169;108.12047442761215
3170;61.28311905113813
3171;155.45052694085655
3172;66.6054065476318
3173;50.893255264885454
3174;111.81905565758875
3175;116.21235464384944
3176;124.79007129968316
3177;103.69283785166358
3178;100.0925480369717
3179;134.13515062504226
3180;103.0804092297312
3181;139.66745742632247
3182;123.12625763806813
3183;74.97453276498993
3184;157.907377365564
3185;134.07800064710074
3186;38.9859243055744
3187;56.492171867591935
3188;36.14468076973424
3189;102.8007285364482
3190;116.75540222797017
3191;127.0044580435814
3192;153.24021264529665
3193;103.08377401274902
3194;89.29179966907382
3195;119.64379115577543
3196;91.71625267847227
3197;150.39939617981304
3198;110.86981128471857
3199;115.25787902686918
3200;148.54238390560155
3201;114.21613801778682
3202;140.88964720047528
3203;38.28485382851111
3204;142.57727000836343
3205;63.728539546264095
3206;49.05232178200059
3207;130.8864662243651
3208;37.22707177564117
3209;101.7965843940355
3210;139.72498263747494
3211;55.37479361528376
3212;143.05676188555054
3213;135.12378561507285
3214;48.317329651408414
3215;70.09732630554669
3216;94.18750209879826
3217;120.89812540489771
3218;119.29460679636983
3219;145.7671892751522
3220;63.10812908806368
3221;117.72458006624258
3222;141.72695787712394
3223;123.20713636305894
3224;150.3401713347876
3225;43.30918067048141
3226;48.69185580373492
3227;56.87770623493162
3228;47.76664724962184
3229;151.67931713935698
3230;123.90719272769059
3231;125.04393087809943
3232;86.83331867967956
3233;113.04397645811028
3234;137.51276095887306
3235;91.56016051240715
3236;115.47103684801635
3237;152.3173081470352
3238;37.494992154975535
3239;103.87580778114437
3240;139.08975466988556
3241;97.50017263121904
3242;106.30630442904081
3243;35.71207518401409
3244;113.33846542384475
3245;56.59097940884488
3246;59.746774902513266
3247;99.36368441733833
3248;114.58521725453025
3249;89.2674360521157
3250;107.03987628368218
3251;106.50217815735651
3252;133.1228047568084
3253;119.58409896659788
3254;132.16556411579182
3255;154.17748183526567
3256;44.199362728567166
3257;69.87447597892736
3258;46.18665767669167
3259;146.0188786168721
3260;105.60701724326191
3261;140.93186503481874
3262;113.82434964931542
3263;147.7560588306053
3264;112.81114404707864
3265;109.6096277148196
3266;39.34320157049074
3267;98.33052366415939
3268;138.38943375372094
3269;69.84255680627116
3270;91.68238619936855
3271;63.57259983278166
3272;131.5271852803168
3273;117.14156196432634
3274;44.59957976934945
3275;47.78618900607765
3276;100.99535462584174
3277;99.40549674720785
3278;126.41659338674496
3279;133.11880322446214
3280;100.46834505582903
3281;64.38685830418667
3282;60.97417508901131
3283;89.2085734049833
3284;99.3393213183569
3285;120.02536664397208
3286;134.52857482834287
3287;70.76254218517063
3288;122.16080233258216
3289;116.89839344950673
3290;60.03985322499733
3291;104.2453761564401
3292;134.8683469565043
3293;47.596142018268694
3294;141.4793209894499
3295;110.82864532813659
3296;93.2529262126948
3297;135.5010251187324
3298;122.51506548231937
3299;88.91515040446177
3300;140.18920371496932
3301;65.83749255346535
3302;100.31675197052694
3303;43.227830580446934
3304;57.57454735309954
3305;46.24786962435698
3306;119.0685797490213
3307;65.49712646822246
3308;126.57124949254555
3309;129.66627295575108
3310;104.55931660096357
3311;136.09097587425674
3312;53.32762106170882
3313;48.76037658318478
3314;134.63542016285595
3315;105.86643923210889
3316;108.82836579584878
3317;88.75068564209083
3318;114.39272784817413
3319;136.33153471394982
3320;41.011976366649336
3321;50.89713528491224
3322;140.59522966705526
3323;126.34698623670087
3324;133.61895843148784
3325;111.44043256474154
3326;134.58248601874016
3327;108.6517773183773
3328;137.35404224415825
3329;130.6495595356144
3330;104.03378900968602
3331;110.19024735855876
3332;117.97222603781725
3333;111.43986439441022
3334;32.15154472847807
3335;134.37365275447584
3336;115.879465417619
3337;77.93387653020382
3338;98.06747208303304
3339;60.41656869575741
3340;98.63029201379979
3341;133.37207385249292
3342;53.460613061485134
3343;100.43799624903369
3344;139.5974337367723
3345;37.08882002879718
3346;57.514682611352704
3347;100.74134583661387
3348;62.370035572875494
3349;66.07882568019555
3350;47.51121923019764
3351;41.65756557747163
3352;147.07157819780772
3353;103.697846141723
3354;111.23601344852361
3355;114.7743011805548
3356;33.45730687066027
3357;62.52066596488273
3358;122.77666157246432
3359;40.80962654436894
3360;83.11560994741193
3361;107.50395460221
3362;105.88472506185117
3363;120.20650696856791
3364;81.2370628910503
3365;124.16723080623785
3366;145.33579544277472
3367;59.79383602382485
3368;139.5792078066137
3369;90.59256625940209
3370;92.98198348118629
3371;105.17939946677063
3372;128.65017518548638
3373;122.84497546010266
3374;115.0622343586072
3375;136.08753446826546
3376;149.0890527416646
3377;65.257240358336
3378;111.35796444681208
3379;48.42225995397385
3380;50.12162774310609
3381;122.62197838425894
3382;36.7064562424311
3383;56.0313013164739
3384;82.89680016351846
3385;98.86788065233068
3386;55.65262839567863
3387;130.1602435038501
3388;139.6776598367873
3389;145.26114134015342
3390;107.24773209722909
3391;157.7553504585992
3392;75.15460700051943
3393;105.1124421219789
3394;133.6410378631604
3395;116.65844529209527
3396;129.91612138390556
3397;104.33914464064603
3398;132.4996678256007
3399;68.63504341655408
3400;75.94034570536238
3401;92.44654635815863
3402;149.04413629059158
3403;125.00418475112724
3404;49.94940124137007
3405;61.54111421187193
3406;102.96920001367751
3407;99.00064672407868
3408;133.27215178700604
3409;120.40636954602704
3410;125.48827819727494
3411;77.31107885599516
3412;123.7884974308507
3413;122.22585242793441
3414;135.6494409368459
3415;78.09166114178615
3416;127.43656315650381
3417;136.91475487435832
3418;95.4237637180855
3419;107.55644860519311
3420;127.3804959067252
3421;145.2186398405766
3422;90.34030715144009
3423;109.37342357392058
3424;42.546205114754244
3425;109.65972200936162
3426;42.10174163138412
3427;102.69429748268111
3428;64.69600151815999
3429;148.7054301746258
3430;147.1510589664432
3431;98.20941624241306
3432;136.91682118491252
3433;42.76563768611283
3434;87.82566151035711
3435;100.10434021663406
3436;55.38047208909043
3437;49.76771900325478
3438;119.6291820531317
3439;147.86119365838937
3440;108.28618455964043
3441;58.33966083860825
3442;43.68204975530385
3443;126.26451823079071
3444;130.30965078887556
3445;115.4771308902383
3446;38.386918520133605
3447;104.14007630702363
3448;49.10618145281247
3449;75.81849988640045
3450;122.18279781058875
3451;56.28184979329916
3452;137.72754407914624
3453;149.3873640299708
3454;76.51328216765506
3455;120.0679302394741
3456;118.93864628895388
3457;82.3420681276599
3458;84.25288903319111
3459;140.90718628349444
3460;51.67370165853908
3461;125.4646825669751
3462;95.1499518341299
3463;77.5069524803489
3464;90.05589768751805
3465;90.80019101084198
3466;101.8921722938103
3467;123.95876031100681
3468;47.35206208630248
3469;34.60074680649208
3470;85.16400257722427
3471;33.16898856107654
3472;120.4414451303169
3473;139.83352939087953
3474;64.12726499853835
3475;111.75259925731652
3476;27.340530130392708
3477;118.43311515980452
3478;114.15373712638615
3479;62.359197874737475
3480;116.86697889391002
3481;49.994925222363975
3482;41.90977810113034
3483;150.74102669728575
3484;155.8870863227449
3485;49.71031130345179
3486;63.15547178858235
3487;92.87937388360031
3488;105.05085104436142
3489;115.75129255626592
3490;59.335160528405176
3491;146.84066382170153
3492;142.73182495003897
3493;113.34866337049397
3494;111.52695610271113
3495;63.9661755159852
3496;138.7684208877962
3497;56.510245320681534
3498;51.40566372988922
3499;96.50853609919822
3500;113.00246666555407
3501;110.34710569390518
3502;132.00456416534504
3503;112.16148545433313
3504;52.81181990186272
3505;38.02740243506725
3506;29.57538996222245
3507;105.04256472831702
3508;56.49575277800756
3509;110.87441413246977
3510;56.23569204139987
3511;72.7486497443823
3512;41.44764684388295
3513;107.88982793113782
3514;119.78303481482939
3515;46.79788703476565
3516;157.45044536047965
3517;43.33266992729508
3518;136.47671198872132
3519;70.47403018597639
3520;56.543570553208035
3521;117.80936130888301
3522;143.0903279565797
3523;92.2807323836422
3524;102.5995618183012
3525;96.05614310941621
3526;132.27460416770646
3527;104.95064096002336
3528;4.368068156139162
3529;111.95709023628119
3530;45.60283299677164
3531;44.3832856246748
3532;127.06941689280974
3533;44.938185281678855
3534;75.38939603931064
3535;87.15568627617776
3536;109.33304746007487
3537;102.61733516525166
3538;123.7508323481722
3539;109.90624292991703
3540;79.06904172077414
3541;111.62452413168306
3542;42.69916511231567
3543;119.72113870937324
3544;145.9029967922636
3545;28.191671382221895
3546;119.1846495667372
3547;98.24083837889236
3548;132.7674445728921
3549;145.60396870542866
3550;113.00478433897865
3551;144.80433686309115
3552;60.88086683286399
3553;36.648099062099945
3554;118.65543938953539
3555;131.5722452955984
3556;56.044298804492655
3557;152.30796246151755
3558;90.09700950222006
3559;62.28424284972465
3560;106.78119756570253
3561;43.4010719262227
3562;37.209356922274274
3563;145.10782394435762
3564;60.31223043250134
3565;53.594865587177324
3566;58.02907434611859
3567;101.34916297017757
3568;142.4954159650958
3569;114.80783911224219
3570;147.471892972386
3571;54.986145599774524
3572;148.81500233324317
3573;119.1413319655012
3574;132.80547726881701
3575;99.55924539583233
3576;53.39981636288044
3577;40.9977215915807
3578;33.61755194211577
3579;94.94429499873581
3580;144.96466045361575
3581;40.678003649198814
3582;103.44151167825851
3583;101.87400800992646
3584;43.711183053350034
3585;108.59252626016305
3586;123.49339982926341
3587;45.868541063012586
3588;39.80814611875442
3589;99.71929672990201
3590;145.70123316482974
3591;44.46686928348787
3592;92.39073712113264
3593;133.41485557995657
3594;143.92177697941682
3595;67.01898873026184
3596;125.31494394028897
3597;131.73998031444273
3598;58.08355604787933
3599;98.47155460395712
3600;148.1354872642879
3601;141.40746993369208
3602;50.009833910842914
3603;134.66604879795037
3604;134.49187190162826
3605;54.452884856413874
3606;121.9493500727568
3607;156.45440176652542
3608;91.22898475293299
3609;104.94950767985499
3610;51.215249332127584
3611;83.48711145625154
3612;139.87199805688522
3613;38.71258362727811
3614;118.06083896404425
3615;126.41863318321384
3616;51.88606571068908
3617;94.57319852791304
3618;59.934304687814986
3619;130.55265866483978
3620;91.44210248759893
3621;130.28357666929253
3622;127.08372496162895
3623;152.20369244426868
3624;35.16231690966717
3625;135.61820482414743
3626;81.392676472809
3627;131.47266038067346
3628;143.67463862759482
3629;80.56140732842206
3630;141.80672130723616
3631;81.51615620849658
3632;112.86196409411579
3633;137.43429265803965
3634;124.0107371576709
3635;122.20774773969228
3636;150.88627027204456
3637;140.2160296309027
3638;136.7003600890732
3639;119.44450163727146
3640;61.439316469695314
3641;61.69920297185865
3642;96.26483411272491
3643;142.10005385475455
3644;117.51949554477338
3645;133.79238872551917
3646;56.38426821270386
3647;137.62755119356922
3648;76.85367554521189
3649;112.22812010473767
3650;89.63014092896466
3651;155.24501582090045
3652;52.539568969833724
3653;130.6325495207459
3654;59.5789768683582
3655;109.87256144542297
3656;56.434752502564265
3657;135.6217434293352
3658;117.38892936297158
3659;78.09946823050059
3660;54.04125879200558
3661;130.10919373382416
3662;81.53141345421396
3663;121.16984834857396
3664;104.2839609453829
3665;81.36679277244185
3666;108.31445309019583
3667;58.70494106243646
3668;138.9306183667137
3669;80.01543187287687
3670;112.0361615082083
3671;137.70952971065907
3672;136.1723160231561
3673;111.39137997316476
3674;151.74763202522985
3675;73.68146486406151
3676;61.56488913029315
3677;146.62461912085928
3678;126.56339313462786
3679;155.60970192803853
3680;36.68913487600819
3681;118.33945242931205
3682;105.88643246966768
3683;120.22766589694646
3684;28.54563425170547
3685;117.23227136487279
3686;101.7354943385955
3687;60.18302556598741
3688;95.04105962113726
3689;41.318916870276425
3690;111.8442823587668
3691;143.08550421073306
3692;137.27563287319754
3693;147.63442120781866
3694;74.63845931562332
3695;115.24778645770772
3696;41.693891375265885
3697;144.19651497882677
3698;134.68138080800122
3699;62.612471028474474
3700;47.18199594118469
3701;111.63988114533973
3702;128.8712374856143
3703;36.78680923730874
3704;99.29117757564686
3705;57.477884852504474
3706;107.35220947981733
3707;150.52705683855464
3708;91.59759655368426
3709;133.49655167726405
3710;39.009726093707
3711;136.34106928259763
3712;128.20051931236432
3713;93.09857081777533
3714;97.72830905989903
3715;37.76486576126937
3716;63.10194378298167
3717;36.11563555624034
3718;103.8080683888194
3719;147.9629550689402
3720;139.5748186678819
3721;141.37765270996715
3722;65.18430102103119
3723;68.15278568265565
3724;143.31037723749398
3725;24.097446289562892
3726;110.15238771403506
3727;66.49374047340672
3728;111.17722835112514
3729;60.11261579289161
3730;91.9805665967555
3731;63.19219134604556
3732;142.0610076047259
3733;139.9925069875781
3734;47.97994863006051
3735;77.33395354943315
3736;111.92038199063163
3737;107.8923982488435
3738;57.92117358381284
3739;54.13990834397784
3740;51.7007758953998
3741;111.1677807686925
3742;62.781676146967484
3743;103.88194151538266
3744;42.373790185565056
3745;115.74139326292432
3746;146.29021237737567
3747;144.876554347016
3748;134.17985633107702
3749;140.31379391713256
3750;50.722415741801015
3751;125.30530267770281
3752;150.2833595909519
3753;52.46915268172842
3754;120.36337633206557
3755;62.4859052984965
3756;116.96444258174995
3757;74.45752900099338
3758;48.22417781365989
3759;138.2582187446286
3760;67.2128443551251
3761;41.65967876202902
3762;142.74337458476765
3763;95.98713460221958
3764;46.83092143082458
3765;35.41730552097977
3766;61.763143291727204
3767;96.2830809357551
3768;58.93135063388943
3769;33.20015498417125
3770;99.0467608232293
3771;63.39015104775771
3772;60.87974164945274
3773;116.06839809054682
3774;142.3593163760242
3775;97.33100486837871
3776;19.63701144138496
3777;115.467645714044
3778;120.33501202929216
3779;61.25063285221641
3780;98.05199177623429
3781;140.70509982159592
3782;146.68147524581286
3783;104.99215553404213
3784;128.1341545901655
3785;144.9151962128035
3786;144.97638923414326
3787;96.84320155059001
3788;119.19768374207074
3789;109.74490863088917
3790;108.15564342663956
3791;103.70607725769293
3792;51.83780528818569
3793;151.00634745989166
3794;57.08880984728724
3795;139.7780649150842
3796;53.09334980844953
3797;146.1792339077257
3798;119.31278450626263
3799;144.95054096728467
3800;125.00233256518416
3801;116.6797091009657
3802;137.30491912669757
3803;107.44337628512636
3804;57.17867866931023
3805;96.33833063000267
3806;111.00042172227997
3807;123.41425985385479
3808;104.49382499703351
3809;121.92544477638319
3810;75.47369873475161
3811;159.89624531176366
3812;127.06171979317133
3813;135.24039884445838
3814;40.993299022728216
3815;145.03912502768003
3816;135.04991621897557
3817;150.22207142428863
3818;78.61106969811689
3819;56.959117170514645
3820;52.79522054648678
3821;40.24885380345496
3822;112.03139061326503
3823;75.82455901771573
3824;112.39327564054533
3825;80.88223015482822
3826;42.37517163858196
3827;98.87940191686826
3828;145.40540367199512
3829;134.7890989158098
3830;54.13418805333741
3831;127.48445274869138
3832;105.7755465409409
3833;150.34030993760956
3834;57.1781451222454
3835;119.59700848087087
3836;97.83562852134627
3837;125.05613499019026
3838;95.10783103325032
3839;125.16359257573717
3840;121.22570698469151
3841;49.702855845440666
3842;113.14277262520423
3843;138.55819280686285
3844;64.13581960229992
3845;142.66108950190826
3846;148.81825425944345
3847;98.35561707011851
3848;103.21176074864141
3849;95.89977021374047
3850;144.13692789920916
3851;141.08554781489408
3852;141.8520775032158
3853;117.35064780831728
3854;121.38859486706056
3855;39.3033320257451
3856;39.67563064087525
3857;119.52137264373907
3858;102.79378478726858
3859;114.33604305700882
3860;103.12865099040576
3861;126.70330128155136
3862;60.205213612327654
3863;57.99718617828991
3864;74.79618290519137
3865;112.29868117059942
3866;46.39307136542774
3867;60.2739635910018
3868;150.0961841971736
3869;133.00181686341887
3870;152.65731998182747
3871;100.62539809236843
3872;117.01655563056245
3873;138.8075129594769
3874;123.80760795620772
3875;142.97657521837553
3876;58.96693856489006
3877;134.97799029429723
3878;109.43240614536518
3879;49.49829102052318
3880;62.037925302417925
3881;115.391436683991
3882;42.69444760513817
3883;149.33221386674106
3884;35.297137999692076
3885;113.63228758946832
3886;149.5037102574455
3887;132.4866228681449
3888;128.62006853968705
3889;115.64269326472638
3890;106.74019188245127
3891;128.68443932249522
3892;140.02168617161402
3893;42.94368484875488
3894;106.70032152991828
3895;104.26316578280385
3896;56.95942380206
3897;144.99255417057321
3898;135.33720782050023
3899;86.58191451622481
3900;52.97734048002265
3901;66.58478225511217
3902;143.27734852499134
3903;102.41445324892601
3904;132.47610390117856
3905;122.00859669928286
3906;90.99470032705385
3907;133.7674450626905
3908;100.71909595024576
3909;117.24578927939088
3910;65.9166720215458
3911;134.40141849191906
3912;132.74287760553057
3913;50.67319956899509
3914;107.18393788475001
3915;89.25252407285029
3916;129.79994207184433
3917;116.82757359674724
3918;130.701867860978
3919;72.13148403212949
3920;38.46403232965672
3921;58.37042095870156
3922;107.00371099731764
3923;112.69218811114482
3924;123.8615003379791
3925;65.1616852446637
3926;118.45074110253742
3927;110.5797838964464
3928;144.92572831392775
3929;113.42577619196278
3930;78.65920372941771
3931;57.945058737207724
3932;136.19863981620847
3933;127.1693573430212
3934;50.6432622996778
3935;108.14295981993047
3936;123.51831037623833
3937;134.76144016050338
3938;103.43276096994504
3939;132.395046022422
3940;50.64667181739227
3941;108.9693097060204
3942;107.19922686213062
3943;69.48922505926697
3944;103.58451214620156
3945;55.08008889386505
3946;130.96878839872335
3947;119.13362509605228
3948;60.26031469458525
3949;109.17684609994288
3950;124.50218617353354
3951;148.64402214818608
3952;149.00338059120844
3953;99.68312973856267
3954;56.715081948880176
3955;45.24832516756874
3956;143.8939917557178
3957;143.88048032306335
3958;136.59859995796984
3959;141.14015135550747
3960;104.39276757854273
3961;109.00081745529327
3962;59.56666229054416
3963;99.974747205464
3964;89.39091460676164
3965;48.17077150429775
3966;55.53048932439074
3967;53.932426518115086
3968;137.57083292308326
3969;134.75785564753625
3970;148.1725206961143
3971;85.43371548011469
3972;57.4361063133655
3973;100.27398932209154
3974;105.39876210627273
3975;104.57458640814008
3976;50.2217175977336
3977;106.33364107462461
3978;60.08150981066937
3979;146.5547098645855
3980;59.18420064419444
3981;134.69090892745464
3982;105.05617973556676
3983;103.02127344069763
3984;141.8808131779059
3985;107.07939035802931
3986;117.27486900561843
3987;33.670554841958534
3988;49.852159136597805
3989;110.25888205454402
3990;61.46956386781177
3991;127.35527739644394
3992;131.14493989725042
3993;23.635629671224546
3994;120.32254861547665
3995;106.45048541304858
3996;108.91048028023255
3997;56.48110685770794
3998;114.40793484028542
3999;135.51931548711002
